-- phpMyAdmin SQL Dump
-- version 4.6.5.2
-- https://www.phpmyadmin.net/
--
-- Host: 127.0.0.1
-- Generation Time: Apr 30, 2017 at 10:22 AM
-- Server version: 10.1.21-MariaDB
-- PHP Version: 7.1.1

SET SQL_MODE = "NO_AUTO_VALUE_ON_ZERO";
SET time_zone = "+00:00";


/*!40101 SET @OLD_CHARACTER_SET_CLIENT=@@CHARACTER_SET_CLIENT */;
/*!40101 SET @OLD_CHARACTER_SET_RESULTS=@@CHARACTER_SET_RESULTS */;
/*!40101 SET @OLD_COLLATION_CONNECTION=@@COLLATION_CONNECTION */;
/*!40101 SET NAMES utf8mb4 */;

--
-- Database: `hoteldb_dev`
--

-- --------------------------------------------------------

--
-- Table structure for table `apartmentobj`
--

CREATE TABLE `apartmentobj` (
  `Id` int(11) NOT NULL,
  `Name` varchar(100) COLLATE utf8_unicode_ci NOT NULL,
  `Address` varchar(100) COLLATE utf8_unicode_ci NOT NULL,
  `Flag` bit(1) NOT NULL,
  `Create_By` int(11) NOT NULL,
  `Create_Date` datetime NOT NULL,
  `Update_By` int(11) NOT NULL,
  `Update_Date` datetime NOT NULL,
  `Delete_By` int(11) DEFAULT NULL,
  `Delete_Date` datetime NOT NULL
) ENGINE=InnoDB DEFAULT CHARSET=utf8 COLLATE=utf8_unicode_ci ROW_FORMAT=COMPACT;

-- --------------------------------------------------------

--
-- Table structure for table `bill_electricity`
--

CREATE TABLE `bill_electricity` (
  `Id` bigint(20) NOT NULL,
  `Bill_Room_Id` bigint(20) NOT NULL COMMENT 'id_room',
  `Electricity_Unit` int(11) DEFAULT NULL COMMENT 'หน่วยค่าไฟเริ่ม/เดือน',
  `Electricity_Unit_End` int(11) DEFAULT NULL COMMENT 'หน่วยค่าไฟสุดท้าย/เดือน',
  `Electricity2_Unit` int(11) DEFAULT NULL,
  `Electricity2_Unit_End` int(11) DEFAULT NULL,
  `Electricity_Price` decimal(10,0) DEFAULT NULL COMMENT 'ค่าไฟ',
  `Electricity2_Price` decimal(10,0) DEFAULT NULL
) ENGINE=InnoDB DEFAULT CHARSET=utf8 COLLATE=utf8_unicode_ci ROW_FORMAT=COMPACT;

--
-- Dumping data for table `bill_electricity`
--

INSERT INTO `bill_electricity` (`Id`, `Bill_Room_Id`, `Electricity_Unit`, `Electricity_Unit_End`, `Electricity2_Unit`, `Electricity2_Unit_End`, `Electricity_Price`, `Electricity2_Price`) VALUES
(1, 1, 2000, 2065, 0, 0, '520', '0'),
(2, 2, 5000, 5060, 0, 0, '480', '0'),
(3, 3, 3203, 3694, 0, 0, '2946', '0'),
(4, 4, 183, 208, 0, 0, '150', '0'),
(5, 5, 3354, 3722, 0, 0, '2208', '0'),
(6, 6, 765, 883, 0, 0, '708', '0'),
(7, 7, 3203, 3712, 0, 0, '3054', '0'),
(8, 8, 341, 397, 0, 0, '336', '0'),
(9, 9, 1144, 1287, 0, 0, '858', '0'),
(10, 10, 868, 926, 0, 0, '348', '0'),
(11, 11, 630, 736, 0, 0, '636', '0'),
(12, 12, 754, 830, 0, 0, '456', '0'),
(13, 13, 754, 830, 0, 0, '456', '0'),
(14, 14, 579, 664, 0, 0, '510', '0'),
(15, 15, 496, 543, 0, 0, '282', '0'),
(16, 16, 190, 248, 0, 0, '348', '0'),
(17, 17, 739, 824, 0, 0, '510', '0'),
(18, 18, 2020, 2363, 0, 0, '2058', '0'),
(19, 19, 5103, 5153, 0, 0, '300', '0'),
(20, 20, 515, 604, 0, 0, '534', '0'),
(21, 21, 3261, 3633, 0, 0, '2232', '0'),
(22, 22, 699, 763, 0, 0, '384', '0'),
(23, 23, 1413, 1569, 0, 0, '936', '0'),
(24, 24, 2438, 2438, 0, 0, '0', '0'),
(25, 25, 1385, 1611, 0, 0, '1356', '0'),
(26, 26, 2149, 2404, 0, 0, '1530', '0'),
(27, 27, 6796, 6944, 0, 0, '888', '0'),
(28, 28, 1456, 1741, 0, 0, '1710', '0'),
(29, 29, 1024, 1134, 0, 0, '660', '0'),
(30, 30, 404, 441, 0, 0, '222', '0'),
(31, 31, 2016, 2228, 0, 0, '1272', '0'),
(32, 32, 3584, 3669, 0, 0, '510', '0'),
(33, 33, 807, 1112, 0, 0, '1830', '0'),
(34, 34, 1966, 2182, 0, 0, '1296', '0'),
(35, 35, 1479, 1660, 0, 0, '1086', '0'),
(36, 36, 1404, 1542, 0, 0, '828', '0'),
(37, 37, 43, 43, 0, 0, '0', '0'),
(38, 38, 1086, 1189, 0, 0, '618', '0'),
(39, 39, 939, 1055, 0, 0, '696', '0'),
(40, 40, 2087, 2290, 0, 0, '1218', '0'),
(41, 41, 1001, 1201, 0, 0, '1200', '0'),
(42, 42, 1257, 1414, 0, 0, '942', '0'),
(43, 43, 1603, 1818, 0, 0, '1290', '0'),
(44, 44, 1259, 1338, 0, 0, '474', '0'),
(45, 45, 925, 1092, 0, 0, '1002', '0'),
(46, 46, 1142, 1317, 0, 0, '1050', '0'),
(47, 47, 3270, 3689, 0, 0, '2514', '0'),
(48, 48, 851, 1010, 0, 0, '954', '0'),
(49, 49, 1893, 2108, 0, 0, '1290', '0'),
(50, 50, 586, 640, 0, 0, '324', '0'),
(51, 51, 61, 61, 0, 0, '0', '0'),
(52, 52, 1816, 1995, 0, 0, '1074', '0'),
(53, 53, 661, 760, 0, 0, '594', '0'),
(54, 54, 767, 881, 0, 0, '684', '0'),
(55, 55, 92522, 92596, 0, 0, '444', '0'),
(56, 56, 4540, 4929, 0, 0, '2334', '0'),
(57, 57, 37702, 38468, 0, 0, '4596', '0'),
(58, 58, 1578, 1809, 896, 1007, '1386', '666'),
(59, 59, 739, 798, 1809, 2052, '354', '1458'),
(60, 60, 2297, 2819, 830, 908, '3132', '468'),
(61, 61, 1199, 1301, 4278, 4888, '612', '3660'),
(62, 62, 183, 208, 2466, 180, '150', '600'),
(63, 63, 2202, 2476, 1034, 1153, '1644', '714'),
(64, 64, 3237, 3335, 1271, 1388, '588', '702'),
(65, 65, 1068, 1204, 0, 0, '816', '0'),
(66, 66, 920, 1178, 0, 0, '1548', '0'),
(67, 67, 439, 622, 0, 0, '1098', '0'),
(68, 68, 1104, 1314, 1075, 0, '1260', '0'),
(69, 69, 1337, 1575, 0, 0, '1428', '0'),
(70, 70, 918, 1015, 752, 822, '582', '420'),
(71, 71, 1489, 1681, 970, 1096, '1152', '756'),
(72, 72, 3326, 3887, 1813, 2131, '3366', '1908'),
(73, 73, 404, 441, 2433, 0, '222', '0'),
(74, 74, 1413, 1569, 1991, 0, '936', '0'),
(75, 75, 1684, 2029, 0, 0, '2070', '0'),
(76, 76, 2297, 2819, 1649, 830, '3132', '468'),
(77, 77, 439, 622, 1849, 0, '1098', '0'),
(78, 78, 1199, 1301, 2458, 4278, '612', '3660'),
(79, 79, 1413, 1569, 1991, 0, '936', '0'),
(80, 80, 5103, 5153, 1598, 0, '300', '0'),
(81, 81, 918, 1015, 2083, 752, '582', '-7986'),
(82, 82, 918, 1015, 2083, 752, '582', '420'),
(83, 83, 2149, 2404, 1900, 0, '1530', '0'),
(84, 84, 2149, 2404, 1900, 0, '1530', '0'),
(85, 85, 1456, 1741, 1570, 0, '1710', '0');

-- --------------------------------------------------------

--
-- Table structure for table `bill_forniture`
--

CREATE TABLE `bill_forniture` (
  `Id` bigint(20) NOT NULL,
  `Bill_Room_Id` bigint(20) NOT NULL COMMENT 'id_room',
  `Forniture_Lease` decimal(10,0) DEFAULT NULL COMMENT 'ค่าเช่าเฟอร์นิเจอร์'
) ENGINE=InnoDB DEFAULT CHARSET=utf8 COLLATE=utf8_unicode_ci ROW_FORMAT=COMPACT;

--
-- Dumping data for table `bill_forniture`
--

INSERT INTO `bill_forniture` (`Id`, `Bill_Room_Id`, `Forniture_Lease`) VALUES
(1, 1, '200'),
(2, 2, '200'),
(3, 3, '0'),
(4, 4, '0'),
(5, 5, '0'),
(6, 6, '0'),
(7, 7, '0'),
(8, 8, '0'),
(9, 9, '0'),
(10, 10, '0'),
(11, 11, '0'),
(12, 12, '0'),
(13, 13, '0'),
(14, 14, '0'),
(15, 15, '0'),
(16, 16, '0'),
(17, 17, '0'),
(18, 18, '0'),
(19, 19, '0'),
(20, 20, '0'),
(21, 21, '0'),
(22, 22, '0'),
(23, 23, '0'),
(24, 24, '0'),
(25, 25, '0'),
(26, 26, '0'),
(27, 27, '0'),
(28, 28, '0'),
(29, 29, '0'),
(30, 30, '0'),
(31, 31, '0'),
(32, 32, '0'),
(33, 33, '0'),
(34, 34, '0'),
(35, 35, '0'),
(36, 36, '0'),
(37, 37, '0'),
(38, 38, '0'),
(39, 39, '0'),
(40, 40, '0'),
(41, 41, '0'),
(42, 42, '0'),
(43, 43, '0'),
(44, 44, '0'),
(45, 45, '0'),
(46, 46, '0'),
(47, 47, '0'),
(48, 48, '0'),
(49, 49, '0'),
(50, 50, '0'),
(51, 51, '0'),
(52, 52, '0'),
(53, 53, '0'),
(54, 54, '0'),
(55, 55, '0'),
(56, 56, '0'),
(57, 57, '0'),
(58, 58, '0'),
(59, 59, '0'),
(60, 60, '0'),
(61, 61, '0'),
(62, 62, '0'),
(63, 63, '0'),
(64, 64, '0'),
(65, 65, '0'),
(66, 66, '0'),
(67, 67, '0'),
(68, 68, '0'),
(69, 69, '0'),
(70, 70, '0'),
(71, 71, '0'),
(72, 72, '0'),
(73, 73, '0'),
(74, 74, '0'),
(75, 75, '0'),
(76, 76, '0'),
(77, 77, '0'),
(78, 78, '0'),
(79, 79, '0'),
(80, 80, '0'),
(81, 81, '0'),
(82, 82, '0'),
(83, 83, '0'),
(84, 84, '0'),
(85, 85, '0');

-- --------------------------------------------------------

--
-- Table structure for table `bill_group`
--

CREATE TABLE `bill_group` (
  `Id` int(1) NOT NULL,
  `Bill_Type_Id` int(1) NOT NULL COMMENT 'รหัสประเภทบิล',
  `ฺBill_GroupDetail_Id` int(1) NOT NULL COMMENT 'หมายเลขรายละเอียด'
) ENGINE=InnoDB DEFAULT CHARSET=utf8 COLLATE=utf8_unicode_ci ROW_FORMAT=COMPACT;

--
-- Dumping data for table `bill_group`
--

INSERT INTO `bill_group` (`Id`, `Bill_Type_Id`, `ฺBill_GroupDetail_Id`) VALUES
(1, 1, 1),
(2, 1, 2),
(3, 1, 3),
(4, 1, 4),
(5, 1, 5),
(6, 1, 6),
(7, 2, 7),
(9, 3, 1),
(10, 3, 2),
(11, 3, 3),
(12, 3, 4),
(13, 3, 5),
(14, 3, 6),
(15, 4, 8);

-- --------------------------------------------------------

--
-- Table structure for table `bill_groupdetail`
--

CREATE TABLE `bill_groupdetail` (
  `Id` bigint(20) NOT NULL,
  `Bill_GroupDetail_No` bigint(20) NOT NULL COMMENT 'Bill_GroupDetail_No',
  `Bill_Detail` varchar(100) COLLATE utf8_unicode_ci NOT NULL COMMENT 'ชื่อประเภทบิล'
) ENGINE=InnoDB DEFAULT CHARSET=utf8 COLLATE=utf8_unicode_ci ROW_FORMAT=COMPACT;

--
-- Dumping data for table `bill_groupdetail`
--

INSERT INTO `bill_groupdetail` (`Id`, `Bill_GroupDetail_No`, `Bill_Detail`) VALUES
(1, 1, 'ค่าเช่าห้องพัก (ROOM LEASE)'),
(2, 2, 'ค่าเช่าเฟอร์นิเจอร์ (FURNITURE LEASE)'),
(3, 3, 'ค่าบริการ (SERVICE)'),
(4, 4, 'ค่าประปา (WATER CHARGE)'),
(5, 5, 'ค่าไฟฟ้า (ELECTRICITY CHARGE)'),
(6, 6, 'ค่าโทรศัพท์ (TELEPHONE CHARGE)'),
(7, 7, 'ค่ามัดจำล่วงหน้า'),
(8, 8, 'เงินค่าประกัน');

-- --------------------------------------------------------

--
-- Table structure for table `bill_other`
--

CREATE TABLE `bill_other` (
  `Id` bigint(20) NOT NULL,
  `Room_Id` bigint(20) NOT NULL COMMENT 'Room_Id',
  `Bill_No` int(11) NOT NULL COMMENT 'เลขที่บิล',
  `Detail` varchar(50) COLLATE utf8_unicode_ci DEFAULT NULL COMMENT 'คำอธิบาย',
  `Price` decimal(10,0) DEFAULT NULL COMMENT 'ราคา',
  `Create_Date` datetime NOT NULL COMMENT 'วันที่บันทึก',
  `Delete_Date` datetime DEFAULT NULL,
  `Status_Bill` int(1) NOT NULL COMMENT 'สถานะบิล 0=ไม่ยืนยัน 1=ยืนยัน'
) ENGINE=InnoDB DEFAULT CHARSET=utf8 COLLATE=utf8_unicode_ci ROW_FORMAT=COMPACT;

--
-- Dumping data for table `bill_other`
--

INSERT INTO `bill_other` (`Id`, `Room_Id`, `Bill_No`, `Detail`, `Price`, `Create_Date`, `Delete_Date`, `Status_Bill`) VALUES
(1, 3, 1, 'ค่าจอดรถ', '200', '2017-04-22 12:59:39', NULL, 0),
(2, 2, 1, 'dgdgg45353', '5333', '2017-04-22 13:31:29', NULL, 0),
(3, 3, 1, 'teetete', '353533', '2017-04-22 13:31:51', NULL, 0),
(4, 2, 1, 'teete', '5366', '2017-04-22 13:32:37', NULL, 0),
(5, 4, 1, 'etete', '353335333', '2017-04-22 13:32:57', NULL, 0),
(6, 38, 1, 'ค่าปรับ', '200', '2017-04-23 16:51:23', NULL, 0),
(7, 38, 1, 'ค่าปรับ', '200', '2017-04-23 16:57:22', '2017-04-23 17:04:44', 0),
(8, 9, 1, 'ค่าที่จอดรถ', '250', '2017-04-23 16:58:02', NULL, 0),
(9, 38, 1, 'tst', '242', '2017-04-29 22:40:20', NULL, 0),
(10, 9, 1, 'tst', '242422', '2017-04-29 22:34:28', NULL, 0);

-- --------------------------------------------------------

--
-- Table structure for table `bill_phone`
--

CREATE TABLE `bill_phone` (
  `Id` bigint(20) NOT NULL,
  `Bill_Room_Id` bigint(20) NOT NULL COMMENT 'id_room',
  `Phone_Lease` decimal(10,0) DEFAULT NULL COMMENT 'ค่าโทรศัพท์'
) ENGINE=InnoDB DEFAULT CHARSET=utf8 COLLATE=utf8_unicode_ci ROW_FORMAT=COMPACT;

--
-- Dumping data for table `bill_phone`
--

INSERT INTO `bill_phone` (`Id`, `Bill_Room_Id`, `Phone_Lease`) VALUES
(1, 1, '150'),
(2, 2, '89'),
(3, 3, '0'),
(4, 4, '0'),
(5, 5, '0'),
(6, 6, '0'),
(7, 7, '0'),
(8, 8, '0'),
(9, 9, '0'),
(10, 10, '0'),
(11, 11, '0'),
(12, 12, '0'),
(13, 13, '0'),
(14, 14, '0'),
(15, 15, '0'),
(16, 16, '0'),
(17, 17, '0'),
(18, 18, '0'),
(19, 19, '0'),
(20, 20, '0'),
(21, 21, '0'),
(22, 22, '0'),
(23, 23, '0'),
(24, 24, '0'),
(25, 25, '0'),
(26, 26, '0'),
(27, 27, '0'),
(28, 28, '0'),
(29, 29, '0'),
(30, 30, '0'),
(31, 31, '0'),
(32, 32, '0'),
(33, 33, '0'),
(34, 34, '0'),
(35, 35, '0'),
(36, 36, '0'),
(37, 37, '0'),
(38, 38, '0'),
(39, 39, '0'),
(40, 40, '0'),
(41, 41, '0'),
(42, 42, '0'),
(43, 43, '0'),
(44, 44, '0'),
(45, 45, '0'),
(46, 46, '0'),
(47, 47, '0'),
(48, 48, '0'),
(49, 49, '0'),
(50, 50, '0'),
(51, 51, '0'),
(52, 52, '0'),
(53, 53, '0'),
(54, 54, '0'),
(55, 55, '0'),
(56, 56, '0'),
(57, 57, '0'),
(58, 58, '0'),
(59, 59, '0'),
(60, 60, '0'),
(61, 61, '0'),
(62, 62, '0'),
(63, 63, '0'),
(64, 64, '0'),
(65, 65, '0'),
(66, 66, '0'),
(67, 67, '0'),
(68, 68, '0'),
(69, 69, '0'),
(70, 70, '0'),
(71, 71, '0'),
(72, 72, '0'),
(73, 73, '0'),
(74, 74, '0'),
(75, 75, '0'),
(76, 76, '0'),
(77, 77, '0'),
(78, 78, '0'),
(79, 79, '0'),
(80, 80, '0'),
(81, 81, '0'),
(82, 82, '0'),
(83, 83, '0'),
(84, 84, '0'),
(85, 85, '0');

-- --------------------------------------------------------

--
-- Table structure for table `bill_priceroom`
--

CREATE TABLE `bill_priceroom` (
  `Id` bigint(20) NOT NULL,
  `Bill_Room_Id` bigint(20) NOT NULL COMMENT 'id_room',
  `Priceroom` decimal(10,0) DEFAULT NULL COMMENT 'ค่าห้อง'
) ENGINE=InnoDB DEFAULT CHARSET=utf8 COLLATE=utf8_unicode_ci ROW_FORMAT=COMPACT;

--
-- Dumping data for table `bill_priceroom`
--

INSERT INTO `bill_priceroom` (`Id`, `Bill_Room_Id`, `Priceroom`) VALUES
(1, 1, '4500'),
(2, 2, '5000'),
(3, 3, '5500'),
(4, 4, '12000'),
(5, 5, '5500'),
(6, 6, '5500'),
(7, 7, '5500'),
(8, 8, '5500'),
(9, 9, '6000'),
(10, 10, '5500'),
(11, 11, '5500'),
(12, 12, '5500'),
(13, 13, '5500'),
(14, 14, '5500'),
(15, 15, '5500'),
(16, 16, '5500'),
(17, 17, '5500'),
(18, 18, '5500'),
(19, 19, '5500'),
(20, 20, '5500'),
(21, 21, '6000'),
(22, 22, '5500'),
(23, 23, '5500'),
(24, 24, '5500'),
(25, 25, '5500'),
(26, 26, '5500'),
(27, 27, '5500'),
(28, 28, '6000'),
(29, 29, '5500'),
(30, 30, '5500'),
(31, 31, '6000'),
(32, 32, '5500'),
(33, 33, '5500'),
(34, 34, '5500'),
(35, 35, '5500'),
(36, 36, '5500'),
(37, 37, '5500'),
(38, 38, '5500'),
(39, 39, '5500'),
(40, 40, '6000'),
(41, 41, '6000'),
(42, 42, '6000'),
(43, 43, '6000'),
(44, 44, '7000'),
(45, 45, '6000'),
(46, 46, '7000'),
(47, 47, '6500'),
(48, 48, '6500'),
(49, 49, '6500'),
(50, 50, '6500'),
(51, 51, '6500'),
(52, 52, '6000'),
(53, 53, '6500'),
(54, 54, '7000'),
(55, 55, '13500'),
(56, 56, '13500'),
(57, 57, '13500'),
(58, 58, '10000'),
(59, 59, '10000'),
(60, 60, '11000'),
(61, 61, '10000'),
(62, 62, '12000'),
(63, 63, '12000'),
(64, 64, '12000'),
(65, 65, '6500'),
(66, 66, '7000'),
(67, 67, '6000'),
(68, 68, '6500'),
(69, 69, '6500'),
(70, 70, '11500'),
(71, 71, '12000'),
(72, 72, '12000'),
(73, 73, '6000'),
(74, 74, '6000'),
(75, 75, '6000'),
(76, 76, '10000'),
(77, 77, '7000'),
(78, 78, '11000'),
(79, 79, '6000'),
(80, 80, '6000'),
(81, 81, '10000'),
(82, 82, '10000'),
(83, 83, '6236'),
(84, 84, '6236'),
(85, 85, '4800');

-- --------------------------------------------------------

--
-- Table structure for table `bill_room`
--

CREATE TABLE `bill_room` (
  `Id` bigint(20) NOT NULL,
  `Room_Id` bigint(20) NOT NULL COMMENT 'Room_Id',
  `Bill_No` int(11) NOT NULL COMMENT 'เลขที่บิล',
  `Br_Status` int(1) NOT NULL COMMENT 'สถานะการจ่ายค่าห้อง',
  `Create_Date` datetime NOT NULL,
  `Create_By` varchar(50) COLLATE utf8_unicode_ci NOT NULL,
  `Total_Amount` decimal(10,0) NOT NULL COMMENT 'รวมเงิน'
) ENGINE=InnoDB DEFAULT CHARSET=utf8 COLLATE=utf8_unicode_ci ROW_FORMAT=COMPACT;

--
-- Dumping data for table `bill_room`
--

INSERT INTO `bill_room` (`Id`, `Room_Id`, `Bill_No`, `Br_Status`, `Create_Date`, `Create_By`, `Total_Amount`) VALUES
(1, 1, 1, 8, '2017-04-16 15:44:29', '0000-00-00 00:00:00', '5970'),
(2, 4, 2, 5, '2017-04-17 15:28:33', '11', '6369'),
(3, 38, 3, 7, '2017-04-23 15:35:55', '11', '8581'),
(4, 87, 4, 7, '2017-04-24 13:52:30', '11', '12240'),
(5, 10, 5, 7, '2017-04-24 14:43:56', '11', '8918'),
(6, 28, 6, 9, '2017-04-24 16:23:22', '11', '6253'),
(7, 102, 7, 9, '2017-04-24 17:43:26', '11', '8689'),
(8, 9, 8, 7, '2017-04-25 08:35:48', '11', '5881'),
(9, 100, 9, 7, '2017-04-25 08:36:43', '11', '6918'),
(10, 11, 10, 7, '2017-04-25 08:38:41', '11', '5908'),
(11, 13, 11, 7, '2017-04-25 08:52:54', '11', '6271'),
(12, 13, 12, 7, '2017-04-25 08:53:46', '11', '6001'),
(13, 14, 13, 7, '2017-04-25 08:55:46', '11', '6001'),
(14, 15, 14, 7, '2017-04-25 08:56:46', '11', '6010'),
(15, 17, 15, 7, '2017-04-25 08:58:24', '11', '5827'),
(16, 18, 16, 7, '2017-04-25 08:59:27', '11', '5908'),
(17, 19, 17, 7, '2017-04-25 09:00:42', '11', '6070'),
(18, 21, 18, 7, '2017-04-25 09:01:49', '11', '7738'),
(19, 22, 19, 7, '2017-04-25 09:02:43', '11', '6330'),
(20, 23, 20, 7, '2017-04-25 09:03:56', '11', '6064'),
(21, 26, 21, 7, '2017-04-25 09:05:11', '11', '8427'),
(22, 27, 22, 7, '2017-04-25 09:05:57', '11', '5914'),
(23, 29, 23, 5, '2017-04-25 09:08:02', '11', '5566'),
(24, 30, 24, 7, '2017-04-25 09:08:57', '11', '5500'),
(25, 31, 25, 7, '2017-04-25 09:09:46', '11', '6916'),
(26, 32, 26, 7, '2017-04-25 09:10:36', '11', '7090'),
(27, 33, 27, 7, '2017-04-25 09:11:38', '11', '6418'),
(28, 34, 28, 5, '2017-04-25 09:12:24', '11', '6600'),
(29, 35, 29, 7, '2017-04-25 09:28:53', '11', '6235'),
(30, 36, 30, 7, '2017-04-25 09:29:58', '11', '6237'),
(31, 37, 31, 7, '2017-04-25 09:30:48', '11', '7347'),
(32, 39, 32, 7, '2017-04-25 09:36:14', '11', '6040'),
(33, 40, 33, 7, '2017-04-25 09:37:08', '11', '7450'),
(34, 41, 34, 7, '2017-04-25 09:39:12', '11', '8916'),
(35, 42, 35, 7, '2017-04-25 09:40:05', '11', '6631'),
(36, 43, 36, 7, '2017-04-25 09:40:51', '11', '6418'),
(37, 44, 37, 7, '2017-04-25 09:41:31', '11', '5500'),
(38, 45, 38, 7, '2017-04-25 09:42:20', '11', '7163'),
(39, 46, 39, 7, '2017-04-25 09:43:05', '11', '6346'),
(40, 53, 40, 7, '2017-04-25 09:44:19', '11', '7248'),
(41, 54, 41, 7, '2017-04-25 09:45:15', '11', '7260'),
(42, 55, 42, 7, '2017-04-25 09:49:03', '11', '8002'),
(43, 56, 43, 7, '2017-04-25 09:51:10', '11', '8350'),
(44, 57, 44, 7, '2017-04-25 09:53:44', '11', '7489'),
(45, 58, 45, 7, '2017-04-25 09:55:45', '11', '7062'),
(46, 59, 46, 7, '2017-04-25 09:57:18', '11', '8110'),
(47, 60, 47, 9, '2017-04-25 09:58:05', '11', '9044'),
(48, 61, 48, 7, '2017-04-25 09:59:36', '11', '7514'),
(49, 62, 49, 7, '2017-04-25 10:00:39', '11', '7805'),
(50, 63, 50, 7, '2017-04-25 10:01:37', '11', '6914'),
(51, 64, 51, 7, '2017-04-25 10:02:21', '11', '6500'),
(52, 66, 52, 7, '2017-04-25 10:27:07', '11', '7134'),
(53, 67, 53, 7, '2017-04-25 10:29:43', '11', '7139'),
(54, 68, 54, 7, '2017-04-25 10:43:09', '11', '7729'),
(55, 97, 55, 7, '2017-04-25 10:45:39', '11', '13959'),
(56, 98, 56, 9, '2017-04-25 10:47:04', '11', '17254'),
(57, 99, 57, 7, '2017-04-25 12:30:19', '11', '18291'),
(58, 47, 58, 7, '2017-04-25 12:32:08', '11', '12217'),
(59, 49, 59, 7, '2017-04-25 12:33:41', '11', '13977'),
(60, 50, 60, 5, '2017-04-25 12:36:00', '11', '13675'),
(61, 52, 61, 7, '2017-04-25 12:37:06', '11', '15467'),
(62, 103, 62, 9, '2017-04-25 13:21:07', '11', '12840'),
(63, 91, 63, 7, '2017-04-25 13:23:38', '11', '14448'),
(64, 93, 64, 7, '2017-04-25 13:25:06', '11', '13335'),
(65, 70, 65, 7, '2017-04-25 13:31:39', '11', '7436'),
(66, 71, 66, 7, '2017-04-25 13:32:59', '11', '8593'),
(67, 73, 67, 7, '2017-04-25 13:35:18', '11', '8248'),
(68, 74, 68, 7, '2017-04-25 13:36:11', '11', '7820'),
(69, 75, 69, 7, '2017-04-25 13:36:52', '11', '8003'),
(70, 78, 70, 5, '2017-04-25 13:39:22', '11', '12092'),
(71, 80, 71, 7, '2017-04-25 13:40:45', '11', '14013'),
(72, 81, 72, 7, '2017-04-25 13:46:56', '11', '17634'),
(73, 104, 73, 7, '2017-04-27 12:50:20', '11', '6237'),
(74, 106, 74, 7, '2017-04-28 17:35:46', '11', '6966'),
(75, 107, 75, 7, '2017-04-28 17:47:38', '11', '8190'),
(76, 108, 76, 7, '2017-04-28 18:04:02', '11', '13675'),
(77, 109, 77, 7, '2017-04-28 18:22:29', '11', '8248'),
(78, 110, 78, 7, '2017-04-28 18:31:44', '11', '15467'),
(79, 111, 79, 7, '2017-04-28 18:38:50', '11', '6966'),
(80, 112, 80, 7, '2017-04-28 18:47:43', '11', '6330'),
(81, 113, 81, 5, '2017-04-28 19:00:29', '11', '22601'),
(82, 114, 82, 7, '2017-04-28 19:14:27', '11', '12092'),
(83, 116, 83, 7, '2017-04-28 19:26:19', '11', '7826'),
(84, 116, 84, 7, '2017-04-28 19:26:19', '11', '7826'),
(85, 117, 85, 7, '2017-04-28 19:33:05', '11', '6600');

-- --------------------------------------------------------

--
-- Table structure for table `bill_service`
--

CREATE TABLE `bill_service` (
  `Id` bigint(20) NOT NULL,
  `Bill_Room_Id` bigint(20) NOT NULL COMMENT 'id_room',
  `Service_Lease` decimal(10,0) DEFAULT NULL COMMENT 'ค่าบริการ'
) ENGINE=InnoDB DEFAULT CHARSET=utf8 COLLATE=utf8_unicode_ci ROW_FORMAT=COMPACT;

--
-- Dumping data for table `bill_service`
--

INSERT INTO `bill_service` (`Id`, `Bill_Room_Id`, `Service_Lease`) VALUES
(1, 1, '200'),
(2, 2, '0'),
(3, 3, '0'),
(4, 4, '0'),
(5, 5, '1000'),
(6, 6, '0'),
(7, 7, '0'),
(8, 8, '0'),
(9, 9, '0'),
(10, 10, '0'),
(11, 11, '0'),
(12, 12, '0'),
(13, 13, '0'),
(14, 14, '0'),
(15, 15, '0'),
(16, 16, '0'),
(17, 17, '0'),
(18, 18, '0'),
(19, 19, '0'),
(20, 20, '0'),
(21, 21, '0'),
(22, 22, '0'),
(23, 23, '0'),
(24, 24, '0'),
(25, 25, '0'),
(26, 26, '0'),
(27, 27, '0'),
(28, 28, '0'),
(29, 29, '0'),
(30, 30, '0'),
(31, 31, '0'),
(32, 32, '0'),
(33, 33, '0'),
(34, 34, '2000'),
(35, 35, '0'),
(36, 36, '0'),
(37, 37, '0'),
(38, 38, '1000'),
(39, 39, '0'),
(40, 40, '0'),
(41, 41, '0'),
(42, 42, '1000'),
(43, 43, '1000'),
(44, 44, '0'),
(45, 45, '0'),
(46, 46, '0'),
(47, 47, '0'),
(48, 48, '0'),
(49, 49, '0'),
(50, 50, '0'),
(51, 51, '0'),
(52, 52, '0'),
(53, 53, '0'),
(54, 54, '0'),
(55, 55, '0'),
(56, 56, '1000'),
(57, 57, '0'),
(58, 58, '0'),
(59, 59, '1000'),
(60, 60, '0'),
(61, 61, '0'),
(62, 62, '0'),
(63, 63, '0'),
(64, 64, '0'),
(65, 65, '0'),
(66, 66, '0'),
(67, 67, '0'),
(68, 68, '0'),
(69, 69, '0'),
(70, 70, '1000'),
(71, 71, '0'),
(72, 72, '0'),
(73, 73, '0'),
(74, 74, '0'),
(75, 75, '0'),
(76, 76, '0'),
(77, 77, '0'),
(78, 78, '0'),
(79, 79, '0'),
(80, 80, '0'),
(81, 81, '1000'),
(82, 82, '1000'),
(83, 83, '0'),
(84, 84, '0'),
(85, 85, '0');

-- --------------------------------------------------------

--
-- Table structure for table `bill_type`
--

CREATE TABLE `bill_type` (
  `Id` bigint(20) NOT NULL,
  `Bill_No` int(1) NOT NULL COMMENT 'สถานะบิล',
  `Bill_Type` varchar(50) COLLATE utf8_unicode_ci NOT NULL COMMENT 'ชื่อสถานะบิล',
  `Bill_TypeDetail` varchar(50) COLLATE utf8_unicode_ci NOT NULL COMMENT 'ประเภทบิล'
) ENGINE=InnoDB DEFAULT CHARSET=utf8 COLLATE=utf8_unicode_ci ROW_FORMAT=COMPACT;

--
-- Dumping data for table `bill_type`
--

INSERT INTO `bill_type` (`Id`, `Bill_No`, `Bill_Type`, `Bill_TypeDetail`) VALUES
(1, 1, 'ใบแจ้งหนี้/INVOICE', 'ใบแจ้งหนี้'),
(2, 2, 'ใบรับเงิน/RECEIPT', 'บิลค่ามัดจำล่วงหน้า'),
(3, 3, 'ใบรับเงิน/RECEIPT', 'บิลใบรับเงิน'),
(4, 4, 'ใบรับเงิน/RECEIPT', 'บิลอื่นๆ');

-- --------------------------------------------------------

--
-- Table structure for table `bill_water`
--

CREATE TABLE `bill_water` (
  `Id` bigint(20) NOT NULL,
  `Bill_Room_Id` bigint(20) NOT NULL COMMENT 'id_room',
  `Water_Unit` int(11) DEFAULT NULL COMMENT 'หน่วยค่าน้ำเริ่ม/เดือน',
  `Water_Unit_End` int(11) DEFAULT NULL COMMENT 'หน่วยค่าน้ำสิ้นสุด/เดือน',
  `Water_Price` decimal(10,0) DEFAULT NULL COMMENT 'ค่าน้ำ'
) ENGINE=InnoDB DEFAULT CHARSET=utf8 COLLATE=utf8_unicode_ci ROW_FORMAT=COMPACT;

--
-- Dumping data for table `bill_water`
--

INSERT INTO `bill_water` (`Id`, `Bill_Room_Id`, `Water_Unit`, `Water_Unit_End`, `Water_Price`) VALUES
(1, 1, 2000, 2020, '400'),
(2, 2, 2000, 2030, '600'),
(3, 3, 1794, 1803, '135'),
(4, 4, 2466, 2472, '90'),
(5, 5, 2035, 2049, '210'),
(6, 6, 2204, 2207, '45'),
(7, 7, 1794, 1803, '135'),
(8, 8, 1856, 1859, '45'),
(9, 9, 1729, 1733, '60'),
(10, 10, 1848, 1852, '60'),
(11, 11, 1999, 2008, '135'),
(12, 12, 1906, 1909, '45'),
(13, 13, 1906, 1909, '45'),
(14, 14, 1666, 1666, '0'),
(15, 15, 1184, 1187, '45'),
(16, 16, 1367, 1371, '60'),
(17, 17, 2025, 2029, '60'),
(18, 18, 1429, 1441, '180'),
(19, 19, 1598, 1600, '30'),
(20, 20, 1440, 1442, '30'),
(21, 21, 1694, 1707, '195'),
(22, 22, 1609, 1611, '30'),
(23, 23, 1991, 1933, '-870'),
(24, 24, 1619, 1619, '0'),
(25, 25, 1634, 1638, '60'),
(26, 26, 1900, 1904, '60'),
(27, 27, 1874, 1876, '30'),
(28, 28, 1570, 1576, '90'),
(29, 29, 1411, 1416, '75'),
(30, 30, 2433, 2434, '15'),
(31, 31, 1624, 1629, '75'),
(32, 32, 1772, 1774, '30'),
(33, 33, 1514, 1522, '120'),
(34, 34, 1047, 1055, '120'),
(35, 35, 542, 545, '45'),
(36, 36, 2336, 2342, '90'),
(37, 37, 1726, 1726, '0'),
(38, 38, 1629, 1632, '45'),
(39, 39, 2050, 2060, '150'),
(40, 40, 1492, 1494, '30'),
(41, 41, 2249, 2253, '60'),
(42, 42, 1379, 1383, '60'),
(43, 43, 1351, 1355, '60'),
(44, 44, 1333, 1334, '15'),
(45, 45, 1055, 1059, '60'),
(46, 46, 1563, 1567, '60'),
(47, 47, 1593, 1595, '30'),
(48, 48, 1498, 1502, '60'),
(49, 49, 1362, 1363, '15'),
(50, 50, 2282, 2288, '90'),
(51, 51, 1548, 1548, '0'),
(52, 52, 1519, 1523, '60'),
(53, 53, 1426, 1429, '45'),
(54, 54, 1521, 1524, '45'),
(55, 55, 2713, 2714, '15'),
(56, 56, 3273, 3301, '420'),
(57, 57, 3761, 3774, '195'),
(58, 58, 2836, 2847, '165'),
(59, 59, 2792, 2803, '165'),
(60, 60, 1649, 1654, '75'),
(61, 61, 2458, 2471, '195'),
(62, 62, 280, 2472, '90'),
(63, 63, 2351, 2357, '90'),
(64, 64, 2184, 2187, '45'),
(65, 65, 1571, 1579, '120'),
(66, 66, 2152, 2155, '45'),
(67, 67, 1849, 1859, '150'),
(68, 68, 0, 1079, '60'),
(69, 69, 2344, 2349, '75'),
(70, 70, 2083, 2089, '90'),
(71, 71, 2252, 2259, '105'),
(72, 72, 1919, 1943, '360'),
(73, 73, 0, 2434, '15'),
(74, 74, 0, 1993, '30'),
(75, 75, 1424, 1432, '120'),
(76, 76, 908, 1654, '75'),
(77, 77, 0, 1859, '150'),
(78, 78, 4888, 2471, '195'),
(79, 79, 0, 1993, '30'),
(80, 80, 0, 1600, '30'),
(81, 81, 822, 2089, '19005'),
(82, 82, 822, 2089, '90'),
(83, 83, 0, 1904, '60'),
(84, 84, 0, 1904, '60'),
(85, 85, 0, 1576, '90');

-- --------------------------------------------------------

--
-- Table structure for table `booking`
--

CREATE TABLE `booking` (
  `Id` bigint(20) NOT NULL,
  `Room_Id` bigint(20) NOT NULL COMMENT 'id room',
  `Book_No` int(11) DEFAULT NULL,
  `Title` varchar(20) CHARACTER SET utf8 COLLATE utf8_unicode_ci NOT NULL,
  `Name` varchar(50) CHARACTER SET utf8 COLLATE utf8_unicode_ci NOT NULL,
  `Last_Name` varchar(100) CHARACTER SET utf8 COLLATE utf8_unicode_ci NOT NULL,
  `CardId` varchar(25) CHARACTER SET utf8 COLLATE utf8_unicode_ci NOT NULL,
  `Email` varchar(50) CHARACTER SET utf8 COLLATE utf8_unicode_ci DEFAULT NULL,
  `Tel` varchar(20) CHARACTER SET utf8 COLLATE utf8_unicode_ci NOT NULL,
  `Tel2` varchar(20) CHARACTER SET utf8 COLLATE utf8_unicode_ci DEFAULT NULL,
  `Address` varchar(100) CHARACTER SET utf8 COLLATE utf8_unicode_ci DEFAULT NULL,
  `Book_Date` datetime DEFAULT NULL COMMENT 'วันที่เข้าอยู่',
  `Create_By` varchar(50) CHARACTER SET utf8 COLLATE utf8_unicode_ci NOT NULL,
  `Create_Date` datetime NOT NULL,
  `Update_By` varchar(50) CHARACTER SET utf8 COLLATE utf8_unicode_ci NOT NULL,
  `Update_Date` datetime NOT NULL,
  `Delete_By` varchar(50) CHARACTER SET utf8 COLLATE utf8_unicode_ci DEFAULT NULL,
  `Delete_Date` datetime DEFAULT NULL,
  `Book_Amount` decimal(10,0) DEFAULT NULL COMMENT 'ค่ามัดจำ',
  `Status_Book` tinyint(1) NOT NULL COMMENT 'ยื่นยันการเข้าอยู่ 1 ยืนยัน 0 ไม่ยืนยัน'
) ENGINE=MyISAM DEFAULT CHARSET=utf8;

--
-- Dumping data for table `booking`
--

INSERT INTO `booking` (`Id`, `Room_Id`, `Book_No`, `Title`, `Name`, `Last_Name`, `CardId`, `Email`, `Tel`, `Tel2`, `Address`, `Book_Date`, `Create_By`, `Create_Date`, `Update_By`, `Update_Date`, `Delete_By`, `Delete_Date`, `Book_Amount`, `Status_Book`) VALUES
(1, 104, 1, 'น.ส.', 'จันทร์งาม', 'อุ่นบุญ', '', '', '(081) 111-1111', '', '', '2017-04-27 01:00:00', 'admin', '2017-04-27 12:47:50', 'admin', '2017-04-27 12:47:50', NULL, NULL, '12000', 1),
(2, 101, 2, 'นาย', 'บัญฑิตา', 'แก้วทอง', '', '', '(081) 999-9999', '', '', NULL, 'admin', '2017-04-27 12:53:35', 'admin', '2017-04-27 12:53:35', NULL, NULL, '15000', 0),
(3, 83, 3, 'นาย', 'kimimaro1', 'นามทดสอบ', '', '', '(999) 999-9999', '', '', '2017-04-30 01:00:00', 'kimimaro', '2017-04-30 00:57:33', 'kimimaro', '2017-04-30 00:57:33', NULL, NULL, '50000', 0);

-- --------------------------------------------------------

--
-- Table structure for table `configobj`
--

CREATE TABLE `configobj` (
  `Id` int(11) NOT NULL,
  `Electricity` float NOT NULL,
  `Water` float NOT NULL,
  `Flag` tinyint(1) NOT NULL
) ENGINE=InnoDB DEFAULT CHARSET=utf8 COLLATE=utf8_unicode_ci ROW_FORMAT=COMPACT;

--
-- Dumping data for table `configobj`
--

INSERT INTO `configobj` (`Id`, `Electricity`, `Water`, `Flag`) VALUES
(1, 6, 15, 1);

-- --------------------------------------------------------

--
-- Table structure for table `contract`
--

CREATE TABLE `contract` (
  `Id` int(11) NOT NULL,
  `ContractNo` varchar(10) COLLATE utf8_unicode_ci DEFAULT NULL,
  `RoomId` int(11) NOT NULL,
  `Customer_id` bigint(20) NOT NULL,
  `Contract_Date` datetime DEFAULT NULL COMMENT 'วันที่เริ่มสัญญา',
  `Book_Amount` decimal(10,0) NOT NULL COMMENT 'ค่ามัดจำ',
  `Create_By` int(11) NOT NULL,
  `Create_Date` datetime NOT NULL,
  `Update_By` int(11) NOT NULL,
  `Update_Date` datetime NOT NULL,
  `Delete_By` int(11) DEFAULT NULL,
  `Delete_Date` datetime DEFAULT NULL
) ENGINE=InnoDB DEFAULT CHARSET=utf8 COLLATE=utf8_unicode_ci ROW_FORMAT=COMPACT;

--
-- Dumping data for table `contract`
--

INSERT INTO `contract` (`Id`, `ContractNo`, `RoomId`, `Customer_id`, `Contract_Date`, `Book_Amount`, `Create_By`, `Create_Date`, `Update_By`, `Update_Date`, `Delete_By`, `Delete_Date`) VALUES
(1, '1', 6, 1, '2017-04-22 01:00:00', '50000', 0, '2017-04-15 18:01:35', 0, '2017-04-15 18:01:35', NULL, NULL),
(2, '2', 2, 2, '2017-04-01 01:00:00', '500000', 0, '2017-04-15 18:10:58', 0, '2017-04-15 18:10:58', NULL, NULL),
(5, '5', 4, 9, '2017-04-16 01:00:00', '50000', 0, '2017-04-16 02:26:19', 0, '2017-04-16 02:26:19', NULL, NULL),
(6, '6', 5, 10, '2017-04-16 01:00:00', '50000', 0, '2017-04-16 14:30:51', 0, '2017-04-16 14:30:51', NULL, NULL),
(7, '7', 3, 11, '2017-04-16 01:00:00', '20000', 0, '2017-04-16 15:10:33', 0, '2017-04-16 15:10:33', NULL, NULL),
(8, '8', 1, 12, '2017-04-18 01:00:00', '50000', 0, '2017-04-18 22:40:48', 0, '2017-04-18 22:40:48', NULL, NULL),
(9, '9', 81, 13, '2017-04-23 01:00:00', '30000', 0, '2017-04-23 15:26:10', 0, '2017-04-23 15:26:10', NULL, NULL),
(10, '10', 38, 14, '2017-04-23 01:00:00', '12000', 0, '2017-04-23 15:30:55', 0, '2017-04-23 15:30:55', 11, '2017-04-24 14:41:20'),
(11, '10', 9, 15, '2017-04-23 01:00:00', '12000', 0, '2017-04-23 17:20:24', 0, '2017-04-23 17:20:24', NULL, NULL),
(12, '10', 38, 16, '2017-04-24 01:00:00', '12000', 0, '2017-04-24 07:38:13', 0, '2017-04-24 07:38:13', NULL, NULL),
(13, '10', 102, 17, '2017-04-24 01:00:00', '12000', 0, '2017-04-24 07:52:16', 0, '2017-04-24 07:52:16', NULL, NULL),
(14, '10', 100, 18, '2017-04-24 01:00:00', '12000', 0, '2017-04-24 11:37:36', 0, '2017-04-24 11:37:36', NULL, NULL),
(15, '10', 11, 24, '2017-04-23 01:00:00', '12000', 0, '2017-04-24 11:58:55', 0, '2017-04-24 11:58:55', 11, '2017-04-24 12:05:45'),
(16, '10', 13, 25, '2017-04-23 01:00:00', '12000', 0, '2017-04-24 11:59:14', 0, '2017-04-24 11:59:14', NULL, NULL),
(17, '10', 14, 26, '2017-04-23 01:00:00', '12000', 0, '2017-04-24 11:59:23', 0, '2017-04-24 11:59:23', NULL, NULL),
(19, '10', 15, 28, '2017-04-23 01:00:00', '12000', 0, '2017-04-24 12:00:00', 0, '2017-04-24 12:00:00', NULL, NULL),
(20, '10', 17, 29, '2017-04-23 01:00:00', '12000', 0, '2017-04-24 12:00:09', 0, '2017-04-24 12:00:09', NULL, NULL),
(21, '10', 18, 30, '2017-04-23 01:00:00', '12000', 0, '2017-04-24 12:00:18', 0, '2017-04-24 12:00:18', NULL, NULL),
(22, '10', 19, 31, '2017-04-23 01:00:00', '12000', 0, '2017-04-24 12:00:28', 0, '2017-04-24 12:00:28', NULL, NULL),
(23, '10', 21, 32, '2017-04-23 01:00:00', '12000', 0, '2017-04-24 12:00:38', 0, '2017-04-24 12:00:38', NULL, NULL),
(24, '10', 22, 33, '2017-04-23 01:00:00', '12000', 0, '2017-04-24 12:00:49', 0, '2017-04-24 12:00:49', NULL, NULL),
(25, '10', 10, 34, '2017-04-23 01:00:00', '12000', 0, '2017-04-24 12:02:34', 0, '2017-04-24 12:02:34', NULL, '2017-04-24 12:07:31'),
(26, '10', 10, 35, '2017-04-23 01:00:00', '12000', 0, '2017-04-24 12:03:36', 0, '2017-04-24 12:03:36', NULL, '2017-04-24 12:07:31'),
(27, '10', 10, 36, '2017-04-24 01:00:00', '12000', 0, '2017-04-24 12:07:31', 0, '2017-04-24 12:07:31', 1, '2017-04-25 23:57:58'),
(28, '10', 23, 37, '2017-04-23 01:00:00', '12000', 0, '2017-04-24 12:09:50', 0, '2017-04-24 12:09:50', NULL, NULL),
(29, '10', 26, 38, '2017-04-23 01:00:00', '12000', 0, '2017-04-24 12:10:45', 0, '2017-04-24 12:10:45', NULL, NULL),
(30, '10', 27, 39, '2017-04-23 01:00:00', '12000', 0, '2017-04-24 12:10:51', 0, '2017-04-24 12:10:51', NULL, NULL),
(31, '10', 28, 40, '2017-04-23 01:00:00', '8000', 0, '2017-04-24 12:10:56', 0, '2017-04-24 12:10:56', NULL, NULL),
(32, '10', 29, 41, '2017-04-23 01:00:00', '12000', 0, '2017-04-24 12:11:01', 0, '2017-04-24 12:11:01', NULL, NULL),
(33, '10', 30, 42, '2017-04-23 01:00:00', '12000', 0, '2017-04-24 12:11:07', 0, '2017-04-24 12:11:07', NULL, NULL),
(34, '10', 31, 43, '2017-04-23 01:00:00', '10000', 0, '2017-04-24 12:11:11', 0, '2017-04-24 12:11:11', NULL, NULL),
(35, '10', 32, 44, '2017-04-23 01:00:00', '12000', 0, '2017-04-24 12:11:15', 0, '2017-04-24 12:11:15', 11, '2017-04-28 19:19:37'),
(36, '10', 33, 45, '2017-04-23 01:00:00', '8000', 0, '2017-04-24 12:11:25', 0, '2017-04-24 12:11:25', NULL, NULL),
(37, '10', 34, 46, '2017-04-23 01:00:00', '12000', 0, '2017-04-24 12:11:29', 0, '2017-04-24 12:11:29', NULL, NULL),
(38, '10', 35, 47, '2017-04-23 01:00:00', '12000', 0, '2017-04-24 12:11:37', 0, '2017-04-24 12:11:37', NULL, NULL),
(39, '10', 36, 48, '2017-04-23 01:00:00', '12000', 0, '2017-04-24 12:11:41', 0, '2017-04-24 12:11:41', NULL, NULL),
(40, '10', 37, 49, '2017-04-23 01:00:00', '12000', 0, '2017-04-24 12:11:45', 0, '2017-04-24 12:11:45', NULL, NULL),
(42, '10', 39, 51, '2017-04-23 01:00:00', '12000', 0, '2017-04-24 12:12:02', 0, '2017-04-24 12:12:02', NULL, NULL),
(43, '10', 40, 52, '2017-04-23 01:00:00', '12000', 0, '2017-04-24 12:12:08', 0, '2017-04-24 12:12:08', NULL, NULL),
(44, '10', 41, 53, '2017-04-23 01:00:00', '15000', 0, '2017-04-24 12:12:13', 0, '2017-04-24 12:12:13', NULL, NULL),
(45, '10', 42, 54, '2017-04-23 01:00:00', '12000', 0, '2017-04-24 12:12:19', 0, '2017-04-24 12:12:19', NULL, NULL),
(46, '10', 43, 55, '2017-04-23 01:00:00', '9000', 0, '2017-04-24 12:12:23', 0, '2017-04-24 12:12:23', NULL, NULL),
(47, '10', 44, 56, '2017-04-23 01:00:00', '8000', 0, '2017-04-24 12:12:29', 0, '2017-04-24 12:12:29', NULL, NULL),
(48, '10', 45, 57, '2017-04-23 01:00:00', '12000', 0, '2017-04-24 12:12:34', 0, '2017-04-24 12:12:34', NULL, NULL),
(49, '10', 46, 58, '2017-04-23 01:00:00', '12000', 0, '2017-04-24 12:12:38', 0, '2017-04-24 12:12:38', NULL, NULL),
(50, '10', 47, 59, '2017-04-23 01:00:00', '30000', 0, '2017-04-24 12:12:43', 0, '2017-04-24 12:12:43', NULL, NULL),
(51, '10', 49, 60, '2017-04-23 01:00:00', '30000', 0, '2017-04-24 12:12:48', 0, '2017-04-24 12:12:48', NULL, NULL),
(52, '10', 50, 61, '2017-04-23 01:00:00', '30000', 0, '2017-04-24 12:12:54', 0, '2017-04-24 12:12:54', 11, '2017-04-28 17:56:57'),
(53, '10', 52, 62, '2017-04-23 01:00:00', '30000', 0, '2017-04-24 12:12:59', 0, '2017-04-24 12:12:59', 11, '2017-04-28 18:26:39'),
(54, '10', 53, 63, '2017-04-23 01:00:00', '15000', 0, '2017-04-24 12:13:05', 0, '2017-04-24 12:13:05', NULL, NULL),
(55, '10', 54, 64, '2017-04-23 01:00:00', '15000', 0, '2017-04-24 12:13:12', 0, '2017-04-24 12:13:12', NULL, NULL),
(56, '10', 55, 65, '2017-04-23 01:00:00', '15000', 0, '2017-04-24 12:13:22', 0, '2017-04-24 12:13:22', NULL, NULL),
(57, '10', 56, 66, '2017-04-23 01:00:00', '15000', 0, '2017-04-24 12:13:28', 0, '2017-04-24 12:13:28', NULL, NULL),
(58, '10', 57, 67, '2017-04-23 01:00:00', '12000', 0, '2017-04-24 12:13:38', 0, '2017-04-24 12:13:38', NULL, NULL),
(59, '10', 58, 68, '2017-04-23 01:00:00', '15000', 0, '2017-04-24 12:13:44', 0, '2017-04-24 12:13:44', NULL, NULL),
(60, '10', 59, 69, '2017-04-23 01:00:00', '15000', 0, '2017-04-24 12:13:51', 0, '2017-04-24 12:13:51', NULL, NULL),
(61, '10', 60, 70, '2017-04-23 01:00:00', '14000', 0, '2017-04-24 12:13:55', 0, '2017-04-24 12:13:55', NULL, NULL),
(62, '10', 61, 71, '2017-04-23 01:00:00', '15000', 0, '2017-04-24 12:13:59', 0, '2017-04-24 12:13:59', NULL, NULL),
(63, '10', 62, 72, '2017-04-23 01:00:00', '15000', 0, '2017-04-24 12:14:05', 0, '2017-04-24 12:14:05', NULL, NULL),
(64, '10', 63, 73, '2017-04-23 01:00:00', '14000', 0, '2017-04-24 12:14:12', 0, '2017-04-24 12:14:12', NULL, NULL),
(65, '10', 64, 74, '2017-04-23 01:00:00', '14000', 0, '2017-04-24 12:14:18', 0, '2017-04-24 12:14:18', NULL, NULL),
(66, '10', 66, 75, '2017-04-23 01:00:00', '15000', 0, '2017-04-24 12:14:24', 0, '2017-04-24 12:14:24', NULL, NULL),
(67, '10', 67, 76, '2017-04-23 01:00:00', '14000', 0, '2017-04-24 12:14:40', 0, '2017-04-24 12:14:40', NULL, NULL),
(68, '10', 68, 77, '2017-04-23 01:00:00', '15000', 0, '2017-04-24 12:14:45', 0, '2017-04-24 12:14:45', NULL, NULL),
(69, '10', 70, 78, '2017-04-23 01:00:00', '15000', 0, '2017-04-24 12:14:51', 0, '2017-04-24 12:14:51', NULL, NULL),
(70, '10', 71, 79, '2017-04-23 01:00:00', '15000', 0, '2017-04-24 12:14:57', 0, '2017-04-24 12:14:57', NULL, NULL),
(71, '10', 73, 80, '2017-04-23 01:00:00', '15000', 0, '2017-04-24 12:15:01', 0, '2017-04-24 12:15:01', 11, '2017-04-28 18:14:14'),
(72, '10', 74, 81, '2017-04-23 01:00:00', '15000', 0, '2017-04-24 12:15:06', 0, '2017-04-24 12:15:06', NULL, NULL),
(73, '10', 75, 82, '2017-04-23 01:00:00', '15000', 0, '2017-04-24 12:15:10', 0, '2017-04-24 12:15:10', NULL, NULL),
(74, '10', 78, 83, '2017-04-23 01:00:00', '30000', 0, '2017-04-24 12:15:18', 0, '2017-04-24 12:15:18', 11, '2017-04-28 15:43:13'),
(75, '10', 80, 84, '2017-04-23 01:00:00', '30000', 0, '2017-04-24 12:15:33', 0, '2017-04-24 12:15:33', NULL, NULL),
(76, '10', 82, 85, '2017-04-23 01:00:00', '30000', 0, '2017-04-24 12:15:53', 0, '2017-04-24 12:15:53', NULL, NULL),
(77, '10', 87, 86, '2017-04-23 01:00:00', '30000', 0, '2017-04-24 12:16:00', 0, '2017-04-24 12:16:00', NULL, NULL),
(78, '10', 91, 87, '2017-04-23 01:00:00', '30000', 0, '2017-04-24 12:16:05', 0, '2017-04-24 12:16:05', NULL, NULL),
(79, '10', 93, 88, '2017-04-23 01:00:00', '30000', 0, '2017-04-24 12:16:09', 0, '2017-04-24 12:16:09', NULL, NULL),
(80, '10', 97, 89, '2017-04-23 01:00:00', '30000', 0, '2017-04-24 12:16:13', 0, '2017-04-24 12:16:13', NULL, NULL),
(81, '10', 98, 90, '2017-04-23 01:00:00', '30000', 0, '2017-04-24 12:16:22', 0, '2017-04-24 12:16:22', NULL, NULL),
(82, '10', 99, 91, '2017-04-23 01:00:00', '40000', 0, '2017-04-24 12:16:29', 0, '2017-04-24 12:16:29', NULL, NULL),
(83, '10', 87, 92, '2017-04-24 01:00:00', '30000', 0, '2017-04-24 14:03:36', 0, '2017-04-24 14:03:36', NULL, NULL),
(84, '10', 103, 93, '2017-04-24 01:00:00', '30000', 0, '2017-04-24 14:13:54', 0, '2017-04-24 14:13:54', NULL, NULL),
(85, '10', 104, 94, '2017-04-27 01:00:00', '12000', 0, '2017-04-27 12:49:15', 0, '2017-04-27 12:49:15', NULL, NULL),
(86, '10', 78, 95, '2017-04-28 01:00:00', '30000', 0, '2017-04-28 15:49:43', 0, '2017-04-28 15:49:43', NULL, NULL),
(87, '10', 78, 96, '2017-04-28 01:00:00', '30000', 0, '2017-04-28 15:49:43', 0, '2017-04-28 15:49:43', NULL, NULL),
(88, '10', 105, 97, '2017-04-28 01:00:00', '12000', 0, '2017-04-28 17:22:28', 0, '2017-04-28 17:22:28', 11, '2017-04-28 17:25:01'),
(89, '10', 106, 98, '2017-04-28 01:00:00', '12000', 0, '2017-04-28 17:34:36', 0, '2017-04-28 17:34:36', NULL, NULL),
(90, '10', 107, 99, '2017-04-28 01:00:00', '15000', 0, '2017-04-28 17:44:38', 0, '2017-04-28 17:44:38', NULL, NULL),
(91, '10', 108, 100, '2017-04-28 01:00:00', '30000', 0, '2017-04-28 18:02:23', 0, '2017-04-28 18:02:23', NULL, NULL),
(92, '10', 109, 101, '2017-04-28 01:00:00', '15000', 0, '2017-04-28 18:20:25', 0, '2017-04-28 18:20:25', NULL, NULL),
(93, '10', 110, 102, '2017-04-28 01:00:00', '30000', 0, '2017-04-28 18:29:55', 0, '2017-04-28 18:29:55', NULL, NULL),
(94, '10', 111, 103, '2017-04-28 01:00:00', '12000', 0, '2017-04-28 18:37:50', 0, '2017-04-28 18:37:50', 11, '2017-04-28 18:41:12'),
(95, '10', 111, 104, '2017-04-28 01:00:00', '12000', 0, '2017-04-28 18:42:55', 0, '2017-04-28 18:42:55', 11, '2017-04-28 18:43:33'),
(96, '10', 112, 105, '2017-04-28 01:00:00', '12000', 0, '2017-04-28 18:46:44', 0, '2017-04-28 18:46:44', NULL, NULL),
(97, '10', 113, 106, '2017-04-28 01:00:00', '30000', 0, '2017-04-28 18:58:17', 0, '2017-04-28 18:58:17', NULL, NULL),
(98, '10', 114, 107, '2017-04-28 01:00:00', '30000', 0, '2017-04-28 19:09:44', 0, '2017-04-28 19:09:44', NULL, NULL),
(99, '10', 116, 108, '2017-04-28 01:00:00', '12000', 0, '2017-04-28 19:25:14', 0, '2017-04-28 19:25:14', NULL, NULL),
(100, '10', 117, 109, '2017-04-28 01:00:00', '12000', 0, '2017-04-28 19:32:10', 0, '2017-04-28 19:32:10', NULL, NULL);

-- --------------------------------------------------------

--
-- Table structure for table `customer`
--

CREATE TABLE `customer` (
  `Id` bigint(20) NOT NULL,
  `Title` varchar(20) COLLATE utf8_unicode_ci NOT NULL,
  `Name` varchar(50) COLLATE utf8_unicode_ci NOT NULL,
  `Last_Name` varchar(100) COLLATE utf8_unicode_ci NOT NULL,
  `CardId` varchar(20) COLLATE utf8_unicode_ci NOT NULL,
  `Email` varchar(50) COLLATE utf8_unicode_ci DEFAULT NULL,
  `Tel` varchar(20) COLLATE utf8_unicode_ci NOT NULL,
  `Tel2` varchar(20) COLLATE utf8_unicode_ci DEFAULT NULL,
  `Address` varchar(100) COLLATE utf8_unicode_ci NOT NULL,
  `Create_By` varchar(50) COLLATE utf8_unicode_ci NOT NULL,
  `Create_Date` datetime NOT NULL,
  `Update_By` varchar(50) COLLATE utf8_unicode_ci NOT NULL,
  `Update_Date` datetime NOT NULL,
  `Delete_By` varchar(50) COLLATE utf8_unicode_ci DEFAULT NULL,
  `Delete_Date` datetime DEFAULT NULL,
  `Room_Id` bigint(20) NOT NULL
) ENGINE=MyISAM DEFAULT CHARSET=utf8 COLLATE=utf8_unicode_ci ROW_FORMAT=DYNAMIC;

--
-- Dumping data for table `customer`
--

INSERT INTO `customer` (`Id`, `Title`, `Name`, `Last_Name`, `CardId`, `Email`, `Tel`, `Tel2`, `Address`, `Create_By`, `Create_Date`, `Update_By`, `Update_Date`, `Delete_By`, `Delete_Date`, `Room_Id`) VALUES
(13, 'นาง', 'ดวงเด่น', 'มาลาทอง', '', '', '(099) 120-2444', '', '', 'admin', '2017-04-23 15:26:10', 'admin', '2017-04-23 15:26:10', NULL, NULL, 81),
(14, 'mr.', 'Hsu ', 'Kun-Liang', '', '', '(099) 999-9999', '', '', 'admin', '2017-04-23 15:30:55', 'admin', '2017-04-23 15:30:55', NULL, NULL, 38),
(15, 'น.ส.', 'ปริณดา', 'ทองมณี', '', '', '(081) 783-2082', '', '', 'admin', '2017-04-23 17:20:24', 'admin', '2017-04-23 17:20:24', NULL, NULL, 9),
(16, 'MR', 'Hsu  Kun Liang', 'Kun Ling', '', '', '(081) 999-9999', '', '', 'admin', '2017-04-24 07:38:13', 'admin', '2017-04-24 07:38:13', NULL, NULL, 38),
(17, 'MR', 'Hsu  Kun Liang', 'Kun-Liang', '', '', '(081) 999-9999', '', '', 'admin', '2017-04-24 07:52:16', 'admin', '2017-04-24 07:52:16', NULL, NULL, 102),
(18, 'น.ส.', 'มณีจันทร์', 'เลิศล้ำ', '', '', '(062) 756-0256', '', '', 'admin', '2017-04-24 11:37:36', 'admin', '2017-04-24 11:37:36', NULL, NULL, 100),
(19, 'น.ส.', 'ปฏิมาพร', '', '3-3203-00-821-84-2', '', '(111) 111-1111', '', '', 'admin', '2017-04-24 11:38:18', 'admin', '2017-04-24 11:38:18', NULL, NULL, 0),
(20, 'MR', 'WORRALL', '', '', '', '(111) 111-1111', '', '', 'admin', '2017-04-24 11:39:36', 'admin', '2017-04-24 11:39:36', NULL, NULL, 0),
(21, 'น.ส.', 'ปฏิมาพร', '', '3-3203-00-821-84-2', '', '(111) 111-1111', '', '', 'admin', '2017-04-24 11:42:04', 'admin', '2017-04-24 11:42:04', NULL, NULL, 0),
(22, 'น.ส.', 'วิลาวรรณ์', '', '3-3108-00-525-51-7', '', '(081) 498-4753', '', '', 'admin', '2017-04-24 11:47:23', 'admin', '2017-04-24 11:47:23', NULL, NULL, 0),
(23, 'น.ส.', 'วิลาวรรณ์', '', '3-3108-00-525-51-7', '', '(081) 498-4753', '', '', 'admin', '2017-04-24 11:53:54', 'admin', '2017-04-24 11:53:54', NULL, NULL, 0),
(24, 'น.ส.', 'วิลาวรรณ์', 'โสสุข', '3-3108-00-525-51-7', '', '(081) 498-4753', '', '', 'admin', '2017-04-24 11:58:55', 'admin', '2017-04-24 11:58:55', NULL, NULL, 11),
(25, 'น.ส.', 'ภัทรปภา', 'สินธนตระกูล', '3-1302-00-278-63-4', '', '(086) 759-3293', '', '', 'admin', '2017-04-24 11:59:14', 'admin', '2017-04-24 11:59:14', NULL, NULL, 13),
(26, 'นาย', 'จีรนันต์', 'กงเพ็ชร', '1-4099-00-843-35-0', '', '(088) 012-3178', '', '', 'admin', '2017-04-24 11:59:23', 'admin', '2017-04-24 11:59:23', NULL, NULL, 14),
(27, 'mr.', 'NGUYEN', 'DOAN VINH', '', '', '(111) 111-1111', '', '', 'admin', '2017-04-24 11:59:54', 'admin', '2017-04-24 11:59:54', NULL, NULL, 15),
(28, 'mr.', 'NGUYEN', 'DOAN VINH', '', '', '(111) 111-1111', '', '', 'admin', '2017-04-24 12:00:00', 'admin', '2017-04-24 12:00:00', NULL, NULL, 15),
(29, 'นาย', 'เจญวัฒน์', 'กิจเจา', '1-7499-00-315-90-3', '', '(094) 496-3266', '', '', 'admin', '2017-04-24 12:00:09', 'admin', '2017-04-24 12:00:09', NULL, NULL, 17),
(30, 'น.ส.', 'ลภัสรดา', 'บ่อทอง', '1-1014-00-781-06-7', '', '(084) 134-4754', '', '', 'admin', '2017-04-24 12:00:18', 'admin', '2017-04-24 12:00:18', NULL, NULL, 18),
(31, 'น.ส.', 'ธิดา', 'จันทร์แจ้ง', '1-3308-00-031-99-2', '', '(084) 863-3417', '', '', 'admin', '2017-04-24 12:00:28', 'admin', '2017-04-24 12:00:28', NULL, NULL, 19),
(32, 'น.ส.', 'กรรวี', 'คุณวาทานุสรณ์', '1-9098-00-873-20-1', '', '(097) 354-5575', '', '', 'admin', '2017-04-24 12:00:38', 'admin', '2017-04-24 12:00:38', NULL, NULL, 21),
(33, 'นาย', 'สุจิณ', 'โนกุล', '1-2299-00-205-43-6', '', '(083) 913-4219', '', '', 'admin', '2017-04-24 12:00:49', 'admin', '2017-04-24 12:00:49', NULL, NULL, 22),
(34, 'น.ส.', 'ปฏิมาพร', 'ดวงแก้ว', '3-3203-00-821-84-2', '', '(111) 111-1111', '', '', 'admin', '2017-04-24 12:02:34', 'admin', '2017-04-24 12:02:34', NULL, NULL, 10),
(35, 'น.ส.', 'ปฏิมาพร', 'ดวงแก้ว', '3-3203-00-821-84-2', '', '(111) 111-1111', '', '', 'admin', '2017-04-24 12:03:36', 'admin', '2017-04-24 12:03:36', NULL, NULL, 10),
(36, 'นส.', 'ปฏิมาพร', 'ดวงแก้ว', '', '', '(011) 111-1111', '', '', 'admin', '2017-04-24 12:07:31', 'admin', '2017-04-24 12:07:31', NULL, NULL, 10),
(37, 'น.ส.', 'นิตยา', 'ไชยแสง', '3-4111-00-353-68-3', '', '(081) 945-7599', '', '', 'admin', '2017-04-24 12:09:50', 'admin', '2017-04-24 12:09:50', NULL, NULL, 23),
(38, 'น.ส.', 'สุทธิศา', 'สำมาการ', '1-1999-00-626-49-1', '', '(094) 523-5987', '', '', 'admin', '2017-04-24 12:10:45', 'admin', '2017-04-24 12:10:45', NULL, NULL, 26),
(39, 'น.ส.', 'วรพร', 'สิงขรอาจ', '1-1999-00-039-65-1', '', '(095) 903-8467', '', '', 'admin', '2017-04-24 12:10:51', 'admin', '2017-04-24 12:10:51', NULL, NULL, 27),
(40, 'น.ส.', 'ขนิษฐา', 'เหมือนเดช', '5-1104-00-008-96-3', '', '(111) 111-1111', '', '', 'admin', '2017-04-24 12:10:56', 'admin', '2017-04-24 12:10:56', NULL, NULL, 28),
(41, 'น.ส.', 'ดลนภา', 'ลับประโคน', '3-3108-00-130-63-6', '', '(081) 621-7524', '', '', 'admin', '2017-04-24 12:11:01', 'admin', '2017-04-24 12:11:01', NULL, NULL, 29),
(42, 'น.ส.', 'เมธาวี', 'วิเศษหวาน', '', '', '(111) 111-1111', '', '', 'admin', '2017-04-24 12:11:07', 'admin', '2017-04-24 12:11:07', NULL, NULL, 30),
(43, 'นาย', 'อนุวัฒน์', 'ปวนคำมา', '3-5104-00-521-30-0', '', '(080) 087-9898', '', '', 'admin', '2017-04-24 12:11:11', 'admin', '2017-04-24 12:11:11', NULL, NULL, 31),
(44, 'น.ส.', 'รุ่งอรุณ', 'เพ็งประพันธ์', '3-5704-00-567-74-1', '', '(081) 615-1217', '', '', 'admin', '2017-04-24 12:11:15', 'admin', '2017-04-24 12:11:15', NULL, NULL, 32),
(45, 'MR', 'MITSURU', 'YAMAKAWA', '', '', '(111) 111-1111', '', '', 'admin', '2017-04-24 12:11:25', 'admin', '2017-04-24 12:11:25', NULL, NULL, 33),
(46, 'น.ส.', 'ณัฏฐณิชา', 'ศรีสวัสดิพโลดม', '1-1006-00-408-94-6', '', '(095) 812-0443', '', '', 'admin', '2017-04-24 12:11:29', 'admin', '2017-04-24 12:11:29', NULL, NULL, 34),
(47, 'น.ส.', 'ธัญย์สิตา', 'ไตรรัชต์ธนากิจ', '', '', '(111) 111-1111', '', '', 'admin', '2017-04-24 12:11:37', 'admin', '2017-04-24 12:11:37', NULL, NULL, 35),
(48, 'น.ส.', 'จันทร์งาม', 'อุ่นบุญ', '3-6707-00-619-74-6', '', '(083) 111-8131', '', '', 'admin', '2017-04-24 12:11:41', 'admin', '2017-04-24 12:11:41', NULL, NULL, 36),
(49, 'น.ส.', 'ต้องหทัย', 'ชัยสุข', '3-2009-00-065-17-9', '', '(090) 984-8575', '', '', 'admin', '2017-04-24 12:11:45', 'admin', '2017-04-24 12:11:45', NULL, NULL, 37),
(50, 'น.ส.', 'ต้องหทัย', 'ชัยสุข', '3-2009-00-065-17-9', '', '(090) 984-8575', '', '', 'admin', '2017-04-24 12:11:50', 'admin', '2017-04-24 12:11:50', NULL, NULL, 37),
(51, 'น.ส.', 'วริษฐา', 'ณ พัทลุง', '1-8199-00-118-00-7', '', '(062) 809-2949', '', '', 'admin', '2017-04-24 12:12:02', 'admin', '2017-04-24 12:12:02', NULL, NULL, 39),
(52, 'น.ส.', 'ธิดารัตน์', 'อาจเอี่ยม', '1-3199-00-105-45-7', '', '(063) 741-4264', '', '', 'admin', '2017-04-24 12:12:08', 'admin', '2017-04-24 12:12:08', NULL, NULL, 40),
(53, 'น.ส.', 'อุบล', 'วงศ์สุวรรณ', '1-4199-00-149-43-7', '', '(090) 902-2803', '', '', 'admin', '2017-04-24 12:12:13', 'admin', '2017-04-24 12:12:13', NULL, NULL, 41),
(54, 'น.ส.', 'นิรัชชา', 'วีระภักดี', '1-3099-01-304-36-4', '', '(089) 844-7477', '', '', 'admin', '2017-04-24 12:12:19', 'admin', '2017-04-24 12:12:19', NULL, NULL, 42),
(55, 'MR', 'KENJIRO', 'NAGASAWA', '', '', '(111) 111-1111', '', '', 'admin', '2017-04-24 12:12:23', 'admin', '2017-04-24 12:12:23', NULL, NULL, 43),
(56, 'นาย', 'ทศพล', 'สีเทา', '3-1019-00-241-93-9', '', '(111) 111-1111', '', '', 'admin', '2017-04-24 12:12:29', 'admin', '2017-04-24 12:12:29', NULL, NULL, 44),
(57, 'น.ส.', 'ศจีมาศ', 'อานุภาพ', '3-6499-00-141-96-1', '', '(081) 803-9801', '', '', 'admin', '2017-04-24 12:12:34', 'admin', '2017-04-24 12:12:34', NULL, NULL, 45),
(58, 'น.ส.', 'สวลี', 'กลิ่นหวาน', '1-3406-00-016-47-7', '', '(098) 125-3984', '', '', 'admin', '2017-04-24 12:12:38', 'admin', '2017-04-24 12:12:38', NULL, NULL, 46),
(59, 'MR', 'SHIGIKI', 'YAMASHITA', '', '', '(086) 533-2664', '', '', 'admin', '2017-04-24 12:12:43', 'admin', '2017-04-24 12:12:43', NULL, NULL, 47),
(60, 'นาย', 'พิระพงษ์', 'ศรีผุย', '1-4704-00-118-25-9', '', '(111) 111-1111', '', '', 'admin', '2017-04-24 12:12:48', 'admin', '2017-04-24 12:12:48', NULL, NULL, 49),
(61, 'MR', 'MASASHI', 'ISHIKAWA', '', '', '(111) 111-1111', '', '', 'admin', '2017-04-24 12:12:54', 'admin', '2017-04-24 12:12:54', NULL, NULL, 50),
(62, 'MR', 'FUMIO', 'KASHIMA', '', '', '(111) 111-1111', '', '', 'admin', '2017-04-24 12:12:59', 'admin', '2017-04-24 12:12:59', NULL, NULL, 52),
(63, 'นาง', 'ณัฐพัชร์', 'ศิริยาวรานนท์', '3-1001-00-848-91-9', '', '(089) 799-1693', '', '', 'admin', '2017-04-24 12:13:05', 'admin', '2017-04-24 12:13:05', NULL, NULL, 53),
(64, 'น.ส.', 'ปริฉัตร', 'นาน้ำเชี่ยว', '1-1020-02-049-66-9', '', '(084) 423-3936', '', '', 'admin', '2017-04-24 12:13:12', 'admin', '2017-04-24 12:13:12', NULL, NULL, 54),
(65, 'นาย', 'อัฏฐกร', 'หมื่นศรี', '1-9499-00-024-88-5', '', '(081) 375-2985', '', '', 'admin', '2017-04-24 12:13:22', 'admin', '2017-04-24 12:13:22', NULL, NULL, 55),
(66, 'น.ส.', 'ศศิพร', 'จงพิพัฒน์วณิชย์', '1-1008-00-816-47-9', '', '(081) 920-6450', '', '', 'admin', '2017-04-24 12:13:28', 'admin', '2017-04-24 12:13:28', NULL, NULL, 56),
(67, 'น.ส.', 'มลฤดี', 'รัตนประทุม', '1-3612-00-126-06-3', '', '(097) 035-2868', '', '', 'admin', '2017-04-24 12:13:38', 'admin', '2017-04-24 12:13:38', NULL, NULL, 57),
(68, 'น.ส.', 'อังคณา', 'ด้วงมี', '1-1020-01-498-50-8', '', '(087) 097-7293', '', '', 'admin', '2017-04-24 12:13:44', 'admin', '2017-04-24 12:13:44', NULL, NULL, 58),
(69, 'MR', 'TADAHIRO', 'TAKAHASHI', '', '', '(111) 111-1111', '', '', 'admin', '2017-04-24 12:13:51', 'admin', '2017-04-24 12:13:51', NULL, NULL, 59),
(70, 'MR', 'ROBERT', 'SCOTT  MCGEE', '', '', '(111) 111-1111', '', '', 'admin', '2017-04-24 12:13:55', 'admin', '2017-04-24 12:13:55', NULL, NULL, 60),
(71, 'น.ส.', 'อัญมณี', 'วัชรินทร์', '1-1999-00-209-37-8', '', '(061) 462-2694', '', '', 'admin', '2017-04-24 12:13:59', 'admin', '2017-04-24 12:13:59', NULL, NULL, 61),
(72, 'นาย', 'นราวัตร', 'รัตนประทุม', '1-1014-00-023-60-0', '', '(089) 067-9773', '', '', 'admin', '2017-04-24 12:14:05', 'admin', '2017-04-24 12:14:05', NULL, NULL, 62),
(73, 'น.ส.', 'รักชนก', 'อิ่นกล่ำ', '1-7098-00-035-29-1', '', '(088) 000-3425', '', '', 'admin', '2017-04-24 12:14:12', 'admin', '2017-04-24 12:14:12', NULL, NULL, 63),
(74, 'น.ส.', 'ภูทอง', 'โคตรสขึง', '3-4901-00-149-34-1', '', '(081) 645-4813', '', '', 'admin', '2017-04-24 12:14:18', 'admin', '2017-04-24 12:14:18', NULL, NULL, 64),
(75, 'น.ส.', 'ธิติศา', 'สีดารักษ์', '1-1499-00-282-28-8', '', '(080) 442-3758', '', '', 'admin', '2017-04-24 12:14:24', 'admin', '2017-04-24 12:14:24', NULL, NULL, 66),
(76, 'น.ส.', 'เสาวรักษ์', 'สังขดิษฐ์', '3-5706-00-108-84-8', '', '(086) 097-9859', '', '', 'admin', '2017-04-24 12:14:40', 'admin', '2017-04-24 12:14:40', NULL, NULL, 67),
(77, 'น.ส.', 'หทัยวัฒน์', 'หนูน้ำ', '1-2001-00-247-18-7', '', '(111) 111-1111', '', '', 'admin', '2017-04-24 12:14:45', 'admin', '2017-04-24 12:14:45', NULL, NULL, 68),
(78, 'MR', 'OKADA', 'KENTARO', '', '', '(089) 992-9802', '', '', 'admin', '2017-04-24 12:14:51', 'admin', '2017-04-24 12:14:51', NULL, NULL, 70),
(79, 'น.ส.', 'สุพรรษา', 'มาฆะนุกิจ', '3-9599-00-500-19-5', '', '(061) 842-6269', '', '', 'admin', '2017-04-24 12:14:57', 'admin', '2017-04-24 12:14:57', NULL, NULL, 71),
(80, 'น.ส.', 'รุ่งนภา', 'เทียมสังข์', '1-7302-00-266-16-2', '', '(092) 272-1071', '', '', 'admin', '2017-04-24 12:15:01', 'admin', '2017-04-24 12:15:01', NULL, NULL, 73),
(81, 'MR', 'ISMAIL', 'IMAN', '', '', '(081) 703-6136', '', '', 'admin', '2017-04-24 12:15:06', 'admin', '2017-04-24 12:15:06', NULL, NULL, 74),
(82, 'น.ส.', 'แพรวตา', 'เสมาทัศน์', '3-8606-00-077-18-4', '', '(080) 780-9233', '', '', 'admin', '2017-04-24 12:15:10', 'admin', '2017-04-24 12:15:10', NULL, NULL, 75),
(83, 'น.ส.', 'เบญจมาศ', 'จิตรเสนาะ', '5-3410-00-062-35-8', '', '(080) 607-5241', '', '', 'admin', '2017-04-24 12:15:18', 'admin', '2017-04-24 12:15:18', NULL, NULL, 78),
(84, 'MISS', 'MAKI', 'ADACHI', '', '', '(111) 111-1111', '', '', 'admin', '2017-04-24 12:15:33', 'admin', '2017-04-24 12:15:33', NULL, NULL, 80),
(85, 'MR', 'ANAND', 'PRADEEP KUMAR FREDRICK', '', '', '(111) 111-1111', '', '', 'admin', '2017-04-24 12:15:53', 'admin', '2017-04-24 12:15:53', NULL, NULL, 82),
(86, 'น.ส.', 'รัชดา', 'โพติยะ', '1-4803-00-026-05-1', '', '(084) 708-8360', '', '', 'admin', '2017-04-24 12:16:00', 'admin', '2017-04-24 12:16:00', NULL, NULL, 87),
(87, 'MR', 'WORRALL', 'PETER JOHN', '', '', '(111) 111-1111', '', '', 'admin', '2017-04-24 12:16:05', 'admin', '2017-04-24 12:16:05', NULL, NULL, 91),
(88, 'MR', 'YAMAMOTO', 'YASUHIKO', '', '', '(094) 349-4909', '', '', 'admin', '2017-04-24 12:16:09', 'admin', '2017-04-24 12:16:09', NULL, NULL, 93),
(89, 'MR', 'HAYATO', 'OWADA', '', '', '(111) 111-1111', '', '', 'admin', '2017-04-24 12:16:13', 'admin', '2017-04-24 12:16:13', NULL, NULL, 97),
(90, 'MR', 'FUJITA', 'KIYOHARU', '', '', '(111) 111-1111', '', '', 'admin', '2017-04-24 12:16:22', 'admin', '2017-04-24 12:16:22', NULL, NULL, 98),
(91, 'MR', 'NARII', 'TORU', '', '', '(111) 111-1111', '', '', 'admin', '2017-04-24 12:16:29', 'admin', '2017-04-24 12:16:29', NULL, NULL, 99),
(92, 'น.ส.', 'รัชดา', 'โพติยะ', '', '', '(081) 999-9999', '', '', 'admin', '2017-04-24 14:03:36', 'admin', '2017-04-24 14:03:36', NULL, NULL, 87),
(93, 'น.ส.', 'รัชดา', 'โพติยะ', '', '', '(018) 999-9999', '', '', 'admin', '2017-04-24 14:13:54', 'admin', '2017-04-24 14:13:54', NULL, NULL, 103),
(94, 'น.ส.', 'จันทร์งาม', 'อุ่นบุญ', '', '', '(081) 111-1111', '', '', 'admin', '2017-04-27 12:49:15', 'admin', '2017-04-27 12:49:15', NULL, NULL, 104),
(95, 'น.ส.', 'เบ็ญมาศ', 'จิตรเสนาะ', '', '', '(081) 999-9999', '', '', 'admin', '2017-04-28 15:49:43', 'admin', '2017-04-28 15:49:43', NULL, NULL, 78),
(96, 'น.ส.', 'เบ็ญมาศ', 'จิตรเสนาะ', '', '', '(081) 999-9999', '', '', 'admin', '2017-04-28 15:49:43', 'admin', '2017-04-28 15:49:43', NULL, NULL, 78),
(97, 'น.ส.', 'ดลนนภา', 'ลับประโคน', '', '', '(011) 999-9999', '', '', 'admin', '2017-04-28 17:22:28', 'admin', '2017-04-28 17:22:28', NULL, NULL, 105),
(98, 'น.ส.', 'ดลนภา', 'ลับประโคน', '', '', '(081) 999-9999', '', '', 'admin', '2017-04-28 17:34:36', 'admin', '2017-04-28 17:34:36', NULL, NULL, 106),
(99, 'นาย', 'บัณฑิตา', 'แก้วทอง', '', '', '(018) 999-9999', '', '', 'admin', '2017-04-28 17:44:38', 'admin', '2017-04-28 17:44:38', NULL, NULL, 107),
(100, 'MR', 'MASASHI', 'ISHIKAWA', '', '', '(081) 999-9999', '', '', 'admin', '2017-04-28 18:02:23', 'admin', '2017-04-28 18:02:23', NULL, NULL, 108),
(101, 'น.ส.', 'รุ่งนภา', 'เทียมสังข์', '', '', '(081) 999-9999', '', '', 'admin', '2017-04-28 18:20:25', 'admin', '2017-04-28 18:20:25', NULL, NULL, 109),
(102, 'MR', 'FUMIO', 'KASHIMA', '', '', '(018) 999-9999', '', '', 'admin', '2017-04-28 18:29:55', 'admin', '2017-04-28 18:29:55', NULL, NULL, 110),
(103, 'นาย', 'สุจิณ', 'โนกุล', '', '', '(081) 999-9999', '', '', 'admin', '2017-04-28 18:37:50', 'admin', '2017-04-28 18:37:50', NULL, NULL, 111),
(104, 'นาย', 'สุจิณ', 'โนกุล', '', '', '(081) 999-9999', '', '', 'admin', '2017-04-28 18:42:55', 'admin', '2017-04-28 18:42:55', NULL, NULL, 111),
(105, 'นาย', 'สุจิณ', 'โนกุล', '', '', '(081) 999-9999', '', '', 'admin', '2017-04-28 18:46:44', 'admin', '2017-04-28 18:46:44', NULL, NULL, 112),
(106, 'น.ส.', 'เบญจมาศ', 'จิตรเสนาะ', '', '', '(081) 999-9999', '', '', 'admin', '2017-04-28 18:58:17', 'admin', '2017-04-28 18:58:17', NULL, NULL, 113),
(107, 'น.ส.', 'เบญจมาศ', 'จิตรเสนาะ', '', '', '(_08) 199-9999', '', '', 'admin', '2017-04-28 19:09:44', 'admin', '2017-04-28 19:09:44', NULL, NULL, 114),
(108, 'น.ส.', 'รุ่งอรุณ', 'เพ็งประพันธ์', '', '', '(081) 999-9999', '', '', 'admin', '2017-04-28 19:25:14', 'admin', '2017-04-28 19:25:14', NULL, NULL, 116),
(109, 'น.ส.', 'ณัฏฐณิชา', 'ศรีสวัสดิพโลดม', '', '', '(081) 999-9999', '', '', 'admin', '2017-04-28 19:32:10', 'admin', '2017-04-28 19:32:10', NULL, NULL, 117);

-- --------------------------------------------------------

--
-- Table structure for table `register`
--

CREATE TABLE `register` (
  `Id` bigint(20) NOT NULL,
  `Name` varchar(20) COLLATE utf8_unicode_ci NOT NULL,
  `Password` varchar(16) COLLATE utf8_unicode_ci NOT NULL,
  `Email` varchar(50) COLLATE utf8_unicode_ci DEFAULT NULL,
  `Group_Id` int(11) NOT NULL,
  `Active` tinyint(1) NOT NULL,
  `Create_Date` datetime DEFAULT NULL,
  `Update_Date` datetime DEFAULT NULL,
  `Delete_Date` datetime DEFAULT NULL
) ENGINE=InnoDB DEFAULT CHARSET=utf8 COLLATE=utf8_unicode_ci ROW_FORMAT=COMPACT;

--
-- Dumping data for table `register`
--

INSERT INTO `register` (`Id`, `Name`, `Password`, `Email`, `Group_Id`, `Active`, `Create_Date`, `Update_Date`, `Delete_Date`) VALUES
(1, 'Admin', 'Admin@1234', NULL, 99, 1, '2017-02-17 22:15:58', '2017-02-17 22:15:58', NULL),
(3, 'User', '1234', NULL, 99, 1, '2017-02-17 22:15:58', '2017-02-17 22:15:58', NULL);

-- --------------------------------------------------------

--
-- Table structure for table `room`
--

CREATE TABLE `room` (
  `Id` bigint(20) NOT NULL,
  `Room_No` varchar(20) COLLATE utf8_unicode_ci NOT NULL COMMENT 'เลขที่ห้อง',
  `RoomType_Id` int(11) NOT NULL COMMENT 'รหัสประเภทห้อง',
  `Start_date` datetime DEFAULT NULL COMMENT 'วันที่เข้าอยู่',
  `End_Date` datetime DEFAULT NULL COMMENT 'วันที่ออก',
  `Status_Room` int(11) DEFAULT NULL COMMENT 'สถานะของห้อง',
  `Book_Id` bigint(20) DEFAULT NULL COMMENT 'Id การจอง'
) ENGINE=InnoDB DEFAULT CHARSET=utf8 COLLATE=utf8_unicode_ci ROW_FORMAT=COMPACT;

--
-- Dumping data for table `room`
--

INSERT INTO `room` (`Id`, `Room_No`, `RoomType_Id`, `Start_date`, `End_Date`, `Status_Room`, `Book_Id`) VALUES
(9, '301', 6, NULL, NULL, 1, NULL),
(10, '303', 6, NULL, NULL, 4, NULL),
(11, '304', 6, NULL, NULL, 1, NULL),
(13, '305', 6, NULL, NULL, 1, NULL),
(14, '306', 6, NULL, NULL, 1, NULL),
(15, '307', 6, NULL, NULL, 4, NULL),
(17, '308', 6, NULL, NULL, 1, NULL),
(18, '309', 6, NULL, NULL, 1, NULL),
(19, '310', 6, NULL, NULL, 1, NULL),
(21, '311', 6, NULL, NULL, 1, NULL),
(23, '401', 6, NULL, NULL, 1, NULL),
(24, '402', 5, NULL, NULL, 2, NULL),
(25, '403', 6, NULL, NULL, 2, NULL),
(26, '404', 5, NULL, NULL, 1, NULL),
(27, '405', 6, NULL, NULL, 1, NULL),
(28, '406', 6, NULL, NULL, 1, NULL),
(30, '408', 20, NULL, NULL, 1, NULL),
(31, '409', 6, NULL, NULL, 1, NULL),
(33, '411', 6, NULL, NULL, 1, NULL),
(35, '501', 6, NULL, NULL, 1, NULL),
(36, '502', 1, NULL, NULL, 1, NULL),
(37, '503', 5, NULL, NULL, 1, NULL),
(39, '505', 6, NULL, NULL, 1, NULL),
(40, '506', 6, NULL, NULL, 1, NULL),
(41, '507', 6, NULL, NULL, 1, NULL),
(42, '508', 6, NULL, NULL, 1, NULL),
(43, '509', 6, NULL, NULL, 1, NULL),
(44, '510', 6, NULL, NULL, 1, NULL),
(45, '511', 6, NULL, NULL, 1, NULL),
(46, '512', 6, NULL, NULL, 1, NULL),
(47, '601', 16, NULL, NULL, 1, NULL),
(48, '602', 17, NULL, NULL, 2, NULL),
(49, '603', 17, NULL, NULL, 1, NULL),
(51, '605', 16, NULL, NULL, 2, NULL),
(53, '701', 10, NULL, NULL, 1, NULL),
(54, '702', 10, NULL, NULL, 1, NULL),
(55, '703', 10, NULL, NULL, 1, NULL),
(56, '704', 10, NULL, NULL, 1, NULL),
(57, '705', 8, NULL, NULL, 1, NULL),
(58, '706', 10, NULL, NULL, 1, NULL),
(59, '707', 8, NULL, NULL, 1, NULL),
(60, '708', 9, NULL, NULL, 1, NULL),
(61, '709', 9, NULL, NULL, 1, NULL),
(62, '710', 9, NULL, NULL, 1, NULL),
(63, '711', 9, NULL, NULL, 1, NULL),
(64, '712', 9, NULL, NULL, 1, NULL),
(65, '801', 8, NULL, NULL, 2, NULL),
(66, '802', 10, NULL, NULL, 1, NULL),
(67, '804', 9, NULL, NULL, 1, NULL),
(68, '805', 8, NULL, NULL, 1, NULL),
(69, '806', 9, NULL, NULL, 2, NULL),
(70, '807', 9, NULL, NULL, 1, NULL),
(71, '808', 8, NULL, NULL, 1, NULL),
(72, '809', 9, NULL, NULL, 2, NULL),
(74, '811', 9, NULL, NULL, 1, NULL),
(75, '812', 9, NULL, NULL, 1, NULL),
(76, '901', 11, NULL, NULL, 2, NULL),
(77, '902', 12, NULL, NULL, 2, NULL),
(79, '904', 12, NULL, NULL, 2, NULL),
(80, '905', 12, NULL, NULL, 1, NULL),
(81, '906', 12, NULL, NULL, 1, NULL),
(82, '1001', 11, NULL, NULL, 1, NULL),
(83, '1002', 11, NULL, NULL, 2, 3),
(84, '1003', 12, NULL, NULL, 2, NULL),
(85, '1004', 12, NULL, NULL, 2, NULL),
(86, '1005', 12, NULL, NULL, 2, NULL),
(88, '1101', 12, NULL, NULL, 2, NULL),
(89, '1102', 12, NULL, NULL, 2, NULL),
(90, '1103', 13, NULL, NULL, 2, NULL),
(91, '1104', 13, NULL, NULL, 1, NULL),
(92, '1105', 12, NULL, NULL, 2, NULL),
(93, '1106', 12, NULL, NULL, 1, NULL),
(94, '1201', 14, NULL, NULL, 2, NULL),
(95, '1202', 14, NULL, NULL, 2, NULL),
(96, '1203', 14, NULL, NULL, 2, NULL),
(97, '1204', 14, NULL, NULL, 1, NULL),
(98, '1205', 14, NULL, NULL, 1, NULL),
(99, '1206', 14, NULL, NULL, 1, NULL),
(100, '302', 1, NULL, NULL, 1, NULL),
(102, '504', 6, NULL, NULL, 1, NULL),
(103, '1006', 12, NULL, NULL, 1, NULL),
(104, '502', 1, NULL, NULL, 1, NULL),
(106, '407', 4, NULL, NULL, 1, NULL),
(107, '803', 5, NULL, NULL, 1, NULL),
(108, '604', 16, NULL, NULL, 1, NULL),
(109, '810', 8, NULL, NULL, 1, NULL),
(110, '606', 17, NULL, NULL, 1, NULL),
(112, '312', 4, NULL, NULL, 1, NULL),
(114, '903', 16, NULL, NULL, 1, NULL),
(116, '410', 19, NULL, NULL, 1, NULL),
(117, '412', 18, NULL, NULL, 1, NULL);

-- --------------------------------------------------------

--
-- Table structure for table `roomstatus`
--

CREATE TABLE `roomstatus` (
  `Id` int(11) NOT NULL COMMENT 'รหัส',
  `RoomStatusId` int(11) NOT NULL COMMENT 'รหัสสถานะห้อง',
  `RoomStatusDetail` varchar(50) COLLATE utf8_unicode_ci NOT NULL COMMENT 'สถานะห้อง',
  `Flag` tinyint(1) NOT NULL,
  `Sort` int(11) NOT NULL
) ENGINE=InnoDB DEFAULT CHARSET=utf8 COLLATE=utf8_unicode_ci;

--
-- Dumping data for table `roomstatus`
--

INSERT INTO `roomstatus` (`Id`, `RoomStatusId`, `RoomStatusDetail`, `Flag`, `Sort`) VALUES
(1, 1, 'ต่อสัญญา', 1, 3),
(2, 2, 'ว่าง', 1, 1),
(3, 3, 'จอง', 1, 4),
(4, 4, 'แจ้งออก', 1, 2),
(5, 5, 'รอยืนยันพิมพ์ใบแจ้งหนี้', 1, 5),
(6, 6, 'พิมพ์ใบแจ้งหนี้', 1, 6),
(7, 7, 'ยังไม่ได้ชำระเงิน', 1, 7),
(8, 8, 'ยืนยันการชำระเงิน', 1, 8),
(9, 9, 'พิมพ์ใบเสร็จแล้ว', 1, 9);

-- --------------------------------------------------------

--
-- Table structure for table `roomstatus_20170423`
--

CREATE TABLE `roomstatus_20170423` (
  `Id` int(11) NOT NULL COMMENT 'รหัส',
  `RoomStatusId` int(11) NOT NULL COMMENT 'รหัสสถานะห้อง',
  `RoomStatusDetail` varchar(50) COLLATE utf8_unicode_ci NOT NULL COMMENT 'สถานะห้อง',
  `Flag` tinyint(1) NOT NULL,
  `Sort` int(11) NOT NULL
) ENGINE=InnoDB DEFAULT CHARSET=utf8 COLLATE=utf8_unicode_ci ROW_FORMAT=COMPACT;

--
-- Dumping data for table `roomstatus_20170423`
--

INSERT INTO `roomstatus_20170423` (`Id`, `RoomStatusId`, `RoomStatusDetail`, `Flag`, `Sort`) VALUES
(1, 1, 'ต่อสัญญา', 1, 4),
(2, 2, 'ว่าง', 1, 1),
(3, 3, 'จอง', 1, 5),
(4, 4, 'แจ้งออก', 1, 2),
(5, 5, 'ยังไม่ชำระเงิน', 1, 7),
(6, 6, 'ชำระเงินแล้ว', 1, 6);

-- --------------------------------------------------------

--
-- Table structure for table `roomtype`
--

CREATE TABLE `roomtype` (
  `Id` int(11) NOT NULL,
  `RoomType` varchar(50) COLLATE utf8_unicode_ci NOT NULL COMMENT 'รหัสห้อง',
  `RoomDetail` varchar(100) COLLATE utf8_unicode_ci NOT NULL COMMENT 'ประเภทห้อง',
  `Room_Rates` float NOT NULL COMMENT 'ค่าห้อง',
  `flag` tinyint(1) NOT NULL COMMENT 'สถานะของประเภทห้อง'
) ENGINE=InnoDB DEFAULT CHARSET=utf8 COLLATE=utf8_unicode_ci ROW_FORMAT=COMPACT;

--
-- Dumping data for table `roomtype`
--

INSERT INTO `roomtype` (`Id`, `RoomType`, `RoomDetail`, `Room_Rates`, `flag`) VALUES
(1, 'ปกติ', 'ขนาด 4*6.5', 6000, 1),
(2, 'ปกติ(1)', 'ขนาด 4*6.5', 7000, 1),
(3, 'พิเศษ 4+6.5', 'แอร์', 5500, 1),
(4, 'พิเศษ 4+6.5', 'แอร์', 6000, 1),
(5, 'พิเศษ 4+6.5', 'แอร์', 6000, 1),
(6, 'ธรรมดา', 'สัญญา 1ปี', 5500, 1),
(7, 'ธรรมดา', 'สัญญา 6 เดือน', 6000, 1),
(8, 'ธรรมดา F 7', 'ธรรมดา 6 เดือน', 7000, 1),
(9, 'ธรรมดา F 7', 'สัญญา 1 ปี', 6500, 1),
(10, 'ธรรมดา F 7 โปรด้านหลัง', 'สัญญา 1 ปี', 6000, 1),
(11, 'สูทธรรมดา F 10', 'สัญญา 1ปี พิเศษ', 11500, 1),
(12, 'ธรรมดา F 10', 'สัญญา 1 ปี', 12000, 1),
(13, 'สูทธรรมดา F 11', 'ปรกติ 1 ปี', 12000, 1),
(14, 'สูทธรรมดา F 12', 'สัญญา 1 ปี', 13500, 1),
(15, 'สูทธรรมดา F 12', 'เดือนที่ 13 ลด 50 เปอร์เซ็น', 6750, 1),
(16, 'สููท F 6', 'สัญญา 1 ปี', 10000, 1),
(17, 'สูทธรรมดา F 6', 'สูทพิเศษ F6', 11000, 1),
(18, '24วัน', 'เศษวัน', 4800, 1),
(19, '1ด4ว', 'เกินเดือน', 6236, 1),
(20, '5วัน', 'เศษวัน', 920, 1),
(21, '2วัน', 'เศษวัน', 400, 1);

-- --------------------------------------------------------

--
-- Table structure for table `roomtype_20170422`
--

CREATE TABLE `roomtype_20170422` (
  `Id` int(11) NOT NULL,
  `RoomType` varchar(50) COLLATE utf8_unicode_ci NOT NULL COMMENT 'รหัสห้อง',
  `RoomDetail` varchar(100) COLLATE utf8_unicode_ci NOT NULL COMMENT 'ประเภทห้อง',
  `Room_Rates` float NOT NULL COMMENT 'ค่าห้อง',
  `flag` tinyint(1) NOT NULL COMMENT 'สถานะของประเภทห้อง'
) ENGINE=InnoDB DEFAULT CHARSET=utf8 COLLATE=utf8_unicode_ci ROW_FORMAT=COMPACT;

--
-- Dumping data for table `roomtype_20170422`
--

INSERT INTO `roomtype_20170422` (`Id`, `RoomType`, `RoomDetail`, `Room_Rates`, `flag`) VALUES
(1, 'test', 'test', 0, 1),
(2, 'ปกติ(1)', 'ขนาด 4*6.5', 7000, 1),
(3, 'พิเศษ 4+6.5', 'แอร์', 5500, 1),
(4, 'พิเศษ 4+6.5', 'แอร์', 6000, 1),
(5, 'พิเศษ 4+6.5', 'แอร์', 6000, 1),
(6, 'ธรรมดา', 'สัญญา 1ปี', 5500, 1),
(7, 'ธรรมดา', 'สัญญา 6 เดือน', 6000, 1),
(8, 'ธรรมดา F 7', 'ธรรมดา 6 เดือน', 7000, 1),
(9, 'ธรรมดา F 7', 'สัญญา 1 ปี', 6500, 1),
(10, 'ธรรมดา F 7 โปรด้านหลัง', 'สัญญา 1 ปี', 6000, 1),
(11, 'สูทธรรมดา F 10', 'สัญญา 1ปี พิเศษ', 11500, 1),
(12, 'ธรรมดา F 10', 'สัญญา 1 ปี', 12000, 1),
(13, 'สูทธรรมดา F 11', 'ปรกติ 1 ปี', 12000, 1),
(14, 'สูทธรรมดา F 12', 'สัญญา 1 ปี', 13500, 1),
(15, 'สูทธรรมดา F 12', 'เดือนที่ 13 ลด 50 เปอร์เซ็น', 6750, 1),
(16, 'สููท F 6', 'สัญญา 1 ปี', 10000, 1),
(17, 'สูทธรรมดา F 6', 'สูทพิเศษ F6', 11000, 1);

-- --------------------------------------------------------

--
-- Table structure for table `roomtype_pro`
--

CREATE TABLE `roomtype_pro` (
  `Id` int(11) NOT NULL,
  `RoomType` varchar(50) COLLATE utf8_unicode_ci NOT NULL COMMENT 'รหัสห้อง',
  `RoomDetail` varchar(100) COLLATE utf8_unicode_ci NOT NULL COMMENT 'ประเภทห้อง',
  `Room_Rates` float NOT NULL COMMENT 'ค่าห้อง',
  `flag` tinyint(1) NOT NULL COMMENT 'สถานะของประเภทห้อง'
) ENGINE=InnoDB DEFAULT CHARSET=utf8 COLLATE=utf8_unicode_ci ROW_FORMAT=COMPACT;

--
-- Dumping data for table `roomtype_pro`
--

INSERT INTO `roomtype_pro` (`Id`, `RoomType`, `RoomDetail`, `Room_Rates`, `flag`) VALUES
(1, 'ปกติ', 'ขนาด 4*6.5', 6000, 1),
(2, 'ปกติ(1)', 'ขนาด 4*6.5', 7000, 1),
(3, 'พิเศษ 4+6.5', 'แอร์', 5500, 1),
(4, 'พิเศษ 4+6.5', 'แอร์', 6000, 1),
(5, 'พิเศษ 4+6.5', 'แอร์', 6000, 1),
(6, 'ธรรมดา', 'สัญญา 1ปี', 5500, 1),
(7, 'ธรรมดา', 'สัญญา 6 เดือน', 6000, 1),
(8, 'ธรรมดา F 7', 'ธรรมดา 6 เดือน', 7000, 1),
(9, 'ธรรมดา F 7', 'สัญญา 1 ปี', 6500, 1),
(10, 'ธรรมดา F 7 โปรด้านหลัง', 'สัญญา 1 ปี', 6000, 1),
(11, 'สูทธรรมดา F 10', 'สัญญา 1ปี พิเศษ', 11500, 1),
(12, 'ธรรมดา F 10', 'สัญญา 1 ปี', 12000, 1),
(13, 'สูทธรรมดา F 11', 'ปรกติ 1 ปี', 12000, 1),
(14, 'สูทธรรมดา F 12', 'สัญญา 1 ปี', 13500, 1),
(15, 'สูทธรรมดา F 12', 'เดือนที่ 13 ลด 50 เปอร์เซ็น', 6750, 1),
(16, 'สููท F 6', 'สัญญา 1 ปี', 10000, 1),
(17, 'สูทธรรมดา F 6', 'สูทพิเศษ F6', 11000, 1);

-- --------------------------------------------------------

--
-- Table structure for table `room_20170422`
--

CREATE TABLE `room_20170422` (
  `Id` bigint(20) NOT NULL,
  `Room_No` varchar(20) COLLATE utf8_unicode_ci NOT NULL COMMENT 'เลขที่ห้อง',
  `RoomType_Id` int(11) NOT NULL COMMENT 'รหัสประเภทห้อง',
  `Start_date` datetime DEFAULT NULL COMMENT 'วันที่เข้าอยู่',
  `End_Date` datetime DEFAULT NULL COMMENT 'วันที่ออก',
  `Status_Room` int(11) DEFAULT NULL COMMENT 'สถานะของห้อง',
  `Book_Id` bigint(20) DEFAULT NULL COMMENT 'Id การจอง'
) ENGINE=InnoDB DEFAULT CHARSET=utf8 COLLATE=utf8_unicode_ci ROW_FORMAT=COMPACT;

--
-- Dumping data for table `room_20170422`
--

INSERT INTO `room_20170422` (`Id`, `Room_No`, `RoomType_Id`, `Start_date`, `End_Date`, `Status_Room`, `Book_Id`) VALUES
(1, '101', 1, NULL, NULL, 1, NULL),
(2, '202', 3, NULL, NULL, 4, NULL),
(3, '301', 11, NULL, NULL, 1, NULL),
(4, '401', 15, NULL, NULL, 1, NULL),
(5, '601', 17, NULL, NULL, 1, NULL),
(6, '9999', 17, NULL, NULL, 2, NULL),
(7, '909', 7, NULL, NULL, 2, NULL);

-- --------------------------------------------------------

--
-- Table structure for table `room_bill`
--

CREATE TABLE `room_bill` (
  `Id` bigint(20) NOT NULL,
  `Room_Id` bigint(20) NOT NULL COMMENT 'id_room',
  `Bill_No` int(11) NOT NULL COMMENT 'เลขที่ใบเสร็จ',
  `Electricity_Unit` int(11) DEFAULT NULL COMMENT 'หน่วยค่าไฟเริ่ม/เดือน',
  `Electricity_Unit_End` int(11) DEFAULT NULL COMMENT 'หน่วยค่าไฟสุดท้าย/เดือน',
  `Water_Unit` int(11) DEFAULT NULL COMMENT 'หน่วยค่าน้ำเริ่ม/เดือน',
  `Water_Unit_End` int(11) DEFAULT NULL COMMENT 'หน่วยค่าน้ำสิ้นสุด/เดือน',
  `Forniture_Lease` decimal(10,0) DEFAULT NULL COMMENT 'ค่าเช่าเฟอร์นิเจอร์',
  `Service_Lease` decimal(10,0) DEFAULT NULL COMMENT 'ค่าบริการ',
  `Phone_Lease` decimal(10,0) DEFAULT NULL COMMENT 'ค่าโทรศัพท์',
  `Fine` decimal(10,0) DEFAULT NULL COMMENT 'ค่าปรับ',
  `Status_Receive` int(1) NOT NULL COMMENT 'สถานะการจ่ายค่าห้อง',
  `Bill_Date` date DEFAULT NULL,
  `Create_Date` datetime NOT NULL,
  `Receive_Date` datetime DEFAULT NULL,
  `Receive_By` varchar(100) COLLATE utf8_unicode_ci NOT NULL,
  `Receive_Manager` varchar(100) COLLATE utf8_unicode_ci NOT NULL,
  `Flag_Receive` int(1) NOT NULL COMMENT 'สถานะการจ่ายค่าห้อง',
  `Total_Amount` decimal(10,2) DEFAULT NULL COMMENT 'รวมค่าห้อง',
  `Other_Amount` decimal(10,2) DEFAULT NULL COMMENT 'รวมค่าอื่นๆ'
) ENGINE=InnoDB DEFAULT CHARSET=utf8 COLLATE=utf8_unicode_ci ROW_FORMAT=COMPACT;

--
-- Dumping data for table `room_bill`
--

INSERT INTO `room_bill` (`Id`, `Room_Id`, `Bill_No`, `Electricity_Unit`, `Electricity_Unit_End`, `Water_Unit`, `Water_Unit_End`, `Forniture_Lease`, `Service_Lease`, `Phone_Lease`, `Fine`, `Status_Receive`, `Bill_Date`, `Create_Date`, `Receive_Date`, `Receive_By`, `Receive_Manager`, `Flag_Receive`, `Total_Amount`, `Other_Amount`) VALUES
(7, 10, 4, 200, 350, 100, 150, '0', '0', '0', NULL, 0, '2017-03-21', '2017-03-21 22:06:35', NULL, '', '', 5, '7200.00', '0.00');

-- --------------------------------------------------------

--
-- Table structure for table `users`
--

CREATE TABLE `users` (
  `uid` int(11) NOT NULL,
  `uname` varchar(30) COLLATE utf8_unicode_ci DEFAULT NULL,
  `upass` varchar(50) COLLATE utf8_unicode_ci DEFAULT NULL,
  `fullname` varchar(100) COLLATE utf8_unicode_ci DEFAULT NULL,
  `uemail` varchar(70) COLLATE utf8_unicode_ci DEFAULT NULL,
  `ucardid` varchar(25) COLLATE utf8_unicode_ci NOT NULL,
  `ugroup` int(11) NOT NULL
) ENGINE=InnoDB DEFAULT CHARSET=utf8 COLLATE=utf8_unicode_ci;

--
-- Dumping data for table `users`
--

INSERT INTO `users` (`uid`, `uname`, `upass`, `fullname`, `uemail`, `ucardid`, `ugroup`) VALUES
(1, 'kimimaro', 'c93ccd78b2076528346216b3b2f701e6', '\0\0\0\02\0\0\"\0\0\0\0\0\0*\0\0-\0\0\Z', 'kimimaro1952@hotmail.com', '1-2345-67-897-88-5', 99),
(11, 'admin', 'c93ccd78b2076528346216b3b2f701e6', '\0\0\0a\0\0\0?\0\0\0?\0\0\0?\0\0\0?', 'admin@hotmail.com', '1234567891123', 2),
(12, 'user1', 'c93ccd78b2076528346216b3b2f701e6', '\0\0\0?\0\0\0?\0\0\0?\0\0\0?', 'user@hotmail.com', '1234567891123', 1),
(13, 'user2', 'c93ccd78b2076528346216b3b2f701e6', '\0\0\0U\0\0\0?\0\0\0?\0\0\0?\0\0\0?', 'user1@hotmail.com', '', 0),
(14, 'user3', 'c93ccd78b2076528346216b3b2f701e6', '\0\0\0U\0\0\0?\0\0\0?\0\0\0?\0\0\0?', 'user2@hotmail.com', '', 0),
(15, 'user4', 'c93ccd78b2076528346216b3b2f701e6', '\0\0\0U\0\0\0?\0\0\0?\0\0\0?\0\0\0?', 'dgdfgf@dsfgh.com', '', 0),
(16, 'user5', 'c93ccd78b2076528346216b3b2f701e6', '\0\0\0U\0\0\0?\0\0\0?\0\0\0?\0\0\0?', 'dgdgf1@dsfgh.com', '1-2345-67-897-88-5', 0),
(23, 'นายทดสอบ1', 'c93ccd78b2076528346216b3b2f701e6', '\0\0\0\02\0\0\"\0\0\0\0\0\0*\0\0-\0\0\Z\0\0\01', '55555@dsfgh.com', '5-5555-55-555-55-5', 0);

--
-- Indexes for dumped tables
--

--
-- Indexes for table `apartmentobj`
--
ALTER TABLE `apartmentobj`
  ADD PRIMARY KEY (`Id`);

--
-- Indexes for table `bill_electricity`
--
ALTER TABLE `bill_electricity`
  ADD PRIMARY KEY (`Id`),
  ADD KEY `Id` (`Id`),
  ADD KEY `Bill_Room_Id` (`Bill_Room_Id`);

--
-- Indexes for table `bill_forniture`
--
ALTER TABLE `bill_forniture`
  ADD PRIMARY KEY (`Id`),
  ADD KEY `Id` (`Id`),
  ADD KEY `Bill_Room_Id` (`Bill_Room_Id`);

--
-- Indexes for table `bill_group`
--
ALTER TABLE `bill_group`
  ADD PRIMARY KEY (`Id`);

--
-- Indexes for table `bill_groupdetail`
--
ALTER TABLE `bill_groupdetail`
  ADD PRIMARY KEY (`Id`),
  ADD KEY `Bill_GroupDetail_No` (`Bill_GroupDetail_No`);

--
-- Indexes for table `bill_other`
--
ALTER TABLE `bill_other`
  ADD PRIMARY KEY (`Id`),
  ADD KEY `Id` (`Id`),
  ADD KEY `Room_Id` (`Room_Id`);

--
-- Indexes for table `bill_phone`
--
ALTER TABLE `bill_phone`
  ADD PRIMARY KEY (`Id`),
  ADD KEY `Id` (`Id`),
  ADD KEY `Bill_Room_Id` (`Bill_Room_Id`);

--
-- Indexes for table `bill_priceroom`
--
ALTER TABLE `bill_priceroom`
  ADD PRIMARY KEY (`Id`),
  ADD KEY `Bill_Room_Id` (`Bill_Room_Id`),
  ADD KEY `Id` (`Id`);

--
-- Indexes for table `bill_room`
--
ALTER TABLE `bill_room`
  ADD PRIMARY KEY (`Id`),
  ADD KEY `Room_Id` (`Room_Id`),
  ADD KEY `Id` (`Id`);

--
-- Indexes for table `bill_service`
--
ALTER TABLE `bill_service`
  ADD PRIMARY KEY (`Id`),
  ADD KEY `Id` (`Id`),
  ADD KEY `Bill_Room_Id` (`Bill_Room_Id`);

--
-- Indexes for table `bill_type`
--
ALTER TABLE `bill_type`
  ADD PRIMARY KEY (`Id`),
  ADD KEY `Id` (`Id`);

--
-- Indexes for table `bill_water`
--
ALTER TABLE `bill_water`
  ADD PRIMARY KEY (`Id`),
  ADD KEY `Id` (`Id`),
  ADD KEY `Bill_Room_Id` (`Bill_Room_Id`);

--
-- Indexes for table `booking`
--
ALTER TABLE `booking`
  ADD PRIMARY KEY (`Id`),
  ADD KEY `Id` (`Id`);

--
-- Indexes for table `configobj`
--
ALTER TABLE `configobj`
  ADD PRIMARY KEY (`Id`),
  ADD KEY `Id` (`Id`),
  ADD KEY `Id_2` (`Id`);

--
-- Indexes for table `contract`
--
ALTER TABLE `contract`
  ADD PRIMARY KEY (`Id`),
  ADD KEY `Id` (`Id`),
  ADD KEY `ContractNo` (`ContractNo`),
  ADD KEY `RoomId` (`RoomId`),
  ADD KEY `Customer_id` (`Customer_id`);

--
-- Indexes for table `customer`
--
ALTER TABLE `customer`
  ADD PRIMARY KEY (`Id`),
  ADD KEY `Id` (`Id`);

--
-- Indexes for table `register`
--
ALTER TABLE `register`
  ADD PRIMARY KEY (`Id`),
  ADD KEY `Id` (`Id`);

--
-- Indexes for table `room`
--
ALTER TABLE `room`
  ADD PRIMARY KEY (`Id`);

--
-- Indexes for table `roomstatus`
--
ALTER TABLE `roomstatus`
  ADD PRIMARY KEY (`Id`);

--
-- Indexes for table `roomstatus_20170423`
--
ALTER TABLE `roomstatus_20170423`
  ADD PRIMARY KEY (`Id`),
  ADD KEY `Id` (`Id`);

--
-- Indexes for table `roomtype`
--
ALTER TABLE `roomtype`
  ADD PRIMARY KEY (`Id`);

--
-- Indexes for table `roomtype_20170422`
--
ALTER TABLE `roomtype_20170422`
  ADD PRIMARY KEY (`Id`),
  ADD KEY `Id` (`Id`);

--
-- Indexes for table `roomtype_pro`
--
ALTER TABLE `roomtype_pro`
  ADD PRIMARY KEY (`Id`),
  ADD KEY `Id` (`Id`);

--
-- Indexes for table `room_20170422`
--
ALTER TABLE `room_20170422`
  ADD PRIMARY KEY (`Id`),
  ADD KEY `Id` (`Id`),
  ADD KEY `Book_Id` (`Book_Id`),
  ADD KEY `Status_Room` (`Status_Room`);

--
-- Indexes for table `room_bill`
--
ALTER TABLE `room_bill`
  ADD PRIMARY KEY (`Id`),
  ADD KEY `Room_Id` (`Room_Id`),
  ADD KEY `Id` (`Id`);

--
-- Indexes for table `users`
--
ALTER TABLE `users`
  ADD PRIMARY KEY (`uid`),
  ADD UNIQUE KEY `uname` (`uname`),
  ADD UNIQUE KEY `uemail` (`uemail`),
  ADD KEY `ucardid` (`ucardid`);

--
-- AUTO_INCREMENT for dumped tables
--

--
-- AUTO_INCREMENT for table `apartmentobj`
--
ALTER TABLE `apartmentobj`
  MODIFY `Id` int(11) NOT NULL AUTO_INCREMENT;
--
-- AUTO_INCREMENT for table `bill_electricity`
--
ALTER TABLE `bill_electricity`
  MODIFY `Id` bigint(20) NOT NULL AUTO_INCREMENT, AUTO_INCREMENT=86;
--
-- AUTO_INCREMENT for table `bill_forniture`
--
ALTER TABLE `bill_forniture`
  MODIFY `Id` bigint(20) NOT NULL AUTO_INCREMENT, AUTO_INCREMENT=86;
--
-- AUTO_INCREMENT for table `bill_group`
--
ALTER TABLE `bill_group`
  MODIFY `Id` int(1) NOT NULL AUTO_INCREMENT, AUTO_INCREMENT=16;
--
-- AUTO_INCREMENT for table `bill_groupdetail`
--
ALTER TABLE `bill_groupdetail`
  MODIFY `Id` bigint(20) NOT NULL AUTO_INCREMENT, AUTO_INCREMENT=9;
--
-- AUTO_INCREMENT for table `bill_other`
--
ALTER TABLE `bill_other`
  MODIFY `Id` bigint(20) NOT NULL AUTO_INCREMENT, AUTO_INCREMENT=11;
--
-- AUTO_INCREMENT for table `bill_phone`
--
ALTER TABLE `bill_phone`
  MODIFY `Id` bigint(20) NOT NULL AUTO_INCREMENT, AUTO_INCREMENT=86;
--
-- AUTO_INCREMENT for table `bill_priceroom`
--
ALTER TABLE `bill_priceroom`
  MODIFY `Id` bigint(20) NOT NULL AUTO_INCREMENT, AUTO_INCREMENT=86;
--
-- AUTO_INCREMENT for table `bill_room`
--
ALTER TABLE `bill_room`
  MODIFY `Id` bigint(20) NOT NULL AUTO_INCREMENT, AUTO_INCREMENT=86;
--
-- AUTO_INCREMENT for table `bill_service`
--
ALTER TABLE `bill_service`
  MODIFY `Id` bigint(20) NOT NULL AUTO_INCREMENT, AUTO_INCREMENT=86;
--
-- AUTO_INCREMENT for table `bill_type`
--
ALTER TABLE `bill_type`
  MODIFY `Id` bigint(20) NOT NULL AUTO_INCREMENT, AUTO_INCREMENT=5;
--
-- AUTO_INCREMENT for table `bill_water`
--
ALTER TABLE `bill_water`
  MODIFY `Id` bigint(20) NOT NULL AUTO_INCREMENT, AUTO_INCREMENT=86;
--
-- AUTO_INCREMENT for table `booking`
--
ALTER TABLE `booking`
  MODIFY `Id` bigint(20) NOT NULL AUTO_INCREMENT, AUTO_INCREMENT=4;
--
-- AUTO_INCREMENT for table `configobj`
--
ALTER TABLE `configobj`
  MODIFY `Id` int(11) NOT NULL AUTO_INCREMENT, AUTO_INCREMENT=2;
--
-- AUTO_INCREMENT for table `contract`
--
ALTER TABLE `contract`
  MODIFY `Id` int(11) NOT NULL AUTO_INCREMENT, AUTO_INCREMENT=101;
--
-- AUTO_INCREMENT for table `customer`
--
ALTER TABLE `customer`
  MODIFY `Id` bigint(20) NOT NULL AUTO_INCREMENT, AUTO_INCREMENT=110;
--
-- AUTO_INCREMENT for table `register`
--
ALTER TABLE `register`
  MODIFY `Id` bigint(20) NOT NULL AUTO_INCREMENT, AUTO_INCREMENT=4;
--
-- AUTO_INCREMENT for table `room`
--
ALTER TABLE `room`
  MODIFY `Id` bigint(20) NOT NULL AUTO_INCREMENT, AUTO_INCREMENT=118;
--
-- AUTO_INCREMENT for table `roomstatus`
--
ALTER TABLE `roomstatus`
  MODIFY `Id` int(11) NOT NULL AUTO_INCREMENT COMMENT 'รหัส', AUTO_INCREMENT=10;
--
-- AUTO_INCREMENT for table `roomstatus_20170423`
--
ALTER TABLE `roomstatus_20170423`
  MODIFY `Id` int(11) NOT NULL AUTO_INCREMENT COMMENT 'รหัส', AUTO_INCREMENT=7;
--
-- AUTO_INCREMENT for table `roomtype`
--
ALTER TABLE `roomtype`
  MODIFY `Id` int(11) NOT NULL AUTO_INCREMENT, AUTO_INCREMENT=22;
--
-- AUTO_INCREMENT for table `roomtype_20170422`
--
ALTER TABLE `roomtype_20170422`
  MODIFY `Id` int(11) NOT NULL AUTO_INCREMENT, AUTO_INCREMENT=18;
--
-- AUTO_INCREMENT for table `roomtype_pro`
--
ALTER TABLE `roomtype_pro`
  MODIFY `Id` int(11) NOT NULL AUTO_INCREMENT, AUTO_INCREMENT=18;
--
-- AUTO_INCREMENT for table `room_20170422`
--
ALTER TABLE `room_20170422`
  MODIFY `Id` bigint(20) NOT NULL AUTO_INCREMENT, AUTO_INCREMENT=8;
--
-- AUTO_INCREMENT for table `room_bill`
--
ALTER TABLE `room_bill`
  MODIFY `Id` bigint(20) NOT NULL AUTO_INCREMENT, AUTO_INCREMENT=8;
--
-- AUTO_INCREMENT for table `users`
--
ALTER TABLE `users`
  MODIFY `uid` int(11) NOT NULL AUTO_INCREMENT, AUTO_INCREMENT=24;
/*!40101 SET CHARACTER_SET_CLIENT=@OLD_CHARACTER_SET_CLIENT */;
/*!40101 SET CHARACTER_SET_RESULTS=@OLD_CHARACTER_SET_RESULTS */;
/*!40101 SET COLLATION_CONNECTION=@OLD_COLLATION_CONNECTION */;
